time_slots,ASSEofficiel,OL,ClermontFoot,MontpellierHSC,OM_Officiel,ogcnice,AS_Monaco,estac_officiel,girondins,psg_inside,StadeDeReims,FCMetz,RCSA,AngersSCO,FCNantes,staderennais,RCLens,losclive,FCLorient,SB29
2022-01-30T12:00:00.000Z,45,372,1,27,331,23,60,16,578,381,7,1,10,1,6,15,39,11,14,14
2022-01-30T13:00:00.000Z,61,233,1,50,336,31,57,8,349,214,20,1,15,13,8,4,21,26,9,23
2022-01-30T14:00:00.000Z,47,338,1,26,283,14,22,4,187,228,6,1,11,16,1,21,8,28,2,14
2022-01-30T15:00:00.000Z,58,469,1,35,171,20,34,14,138,193,6,2,40,59,5,13,11,2,28,23
2022-01-30T16:00:00.000Z,191,3513,6,40,168,13,36,36,76,160,6,27,30,12,6,10,13,11,30,14
2022-01-30T17:00:00.000Z,191,1242,9,13,362,37,54,11,140,369,5,12,7,34,2,20,16,7,17,13
2022-01-30T18:00:00.000Z,245,604,10,15,307,74,63,13,1330,465,15,6,33,19,7,18,64,1,13,22
2022-01-30T19:00:00.000Z,1350,474,15,15,164,35,308,13,526,466,4,35,78,30,12,8,195,12,13,11
2022-01-30T20:00:00.000Z,347,292,4,13,143,32,540,59,467,396,3,16,27,18,6,11,592,10,7,10
2022-01-30T21:00:00.000Z,159,175,2,9,82,13,612,13,258,329,6,16,12,7,5,12,509,6,1,2
2022-01-30T22:00:00.000Z,89,427,2,6,128,28,509,12,148,309,2,7,8,3,1,0,215,8,6,2
2022-01-30T23:00:00.000Z,41,287,4,3,62,10,230,3,95,123,3,3,4,4,1,1,39,4,4,1
2022-01-31T00:00:00.000Z,19,86,0,0,40,7,60,5,42,60,0,1,3,1,2,0,14,5,2,0
2022-01-31T01:00:00.000Z,12,48,0,1,20,2,37,1,19,45,0,0,1,1,0,0,3,0,0,0
2022-01-31T02:00:00.000Z,10,33,0,0,10,0,32,1,9,42,0,1,1,1,1,1,5,0,0,0
2022-01-31T03:00:00.000Z,4,33,0,2,12,1,20,0,3,35,0,0,0,1,1,1,5,0,0,2
2022-01-31T04:00:00.000Z,7,24,1,2,14,2,26,2,10,42,0,0,0,0,1,0,1,1,0,0
2022-01-31T05:00:00.000Z,12,46,0,1,39,1,43,9,22,18,5,0,2,3,1,0,10,2,0,0
2022-01-31T06:00:00.000Z,43,106,2,1,31,6,58,14,67,65,38,8,8,7,2,3,36,2,0,3
2022-01-31T07:00:00.000Z,50,85,3,3,52,37,72,6,96,55,6,14,11,3,2,3,33,2,4,0
2022-01-31T08:00:00.000Z,63,273,0,9,194,178,60,4,71,260,10,10,12,2,5,10,25,5,7,2
2022-01-31T09:00:00.000Z,38,162,4,2,213,97,62,32,144,175,21,16,15,13,7,15,25,9,6,3
2022-01-31T10:00:00.000Z,45,218,2,1,145,301,65,16,146,318,27,72,3,10,22,7,17,27,8,3
2022-01-31T11:00:00.000Z,55,413,3,7,229,237,94,20,137,351,7,31,22,12,29,16,46,50,50,2
2022-01-31T12:00:00.000Z,95,326,35,5,289,156,59,6,96,234,12,10,11,3,6,5,24,64,14,1
2022-01-31T13:00:00.000Z,63,708,45,6,166,94,40,13,62,167,8,16,6,5,11,19,38,20,6,3
2022-01-31T14:00:00.000Z,60,329,66,3,148,132,48,12,239,195,19,8,10,0,16,14,32,24,17,0
2022-01-31T15:00:00.000Z,415,5140,7,2,174,128,40,10,527,254,20,29,3,27,44,5,16,33,27,371
2022-01-31T16:00:00.000Z,187,3200,16,0,127,81,53,7,174,246,9,23,4,15,23,8,27,23,31,141
2022-01-31T17:00:00.000Z,124,1702,28,5,114,82,36,19,101,277,6,30,12,4,20,106,76,140,99,109
2022-01-31T18:00:00.000Z,126,983,8,14,142,131,49,5,173,631,20,23,20,17,17,31,55,55,41,176
2022-01-31T19:00:00.000Z,135,1550,8,10,212,324,52,19,262,1463,88,140,12,26,22,89,24,104,81,678
2022-01-31T20:00:00.000Z,91,1259,14,3,1400,214,120,7,609,1743,13,75,12,19,146,197,5,94,189,1429
2022-01-31T21:00:00.000Z,71,804,6,2,889,212,55,8,334,2185,14,56,13,8,53,148,16,71,222,5312
2022-01-31T22:00:00.000Z,302,1081,247,2,950,2119,62,197,1878,4843,14,54,6,7,44,49,11,525,211,1734
2022-01-31T23:00:00.000Z,148,317,69,0,272,913,15,15,382,950,3,7,1,5,17,21,3,68,50,794
2022-02-01T00:00:00.000Z,32,109,4,12,59,227,9,2,97,223,0,3,1,0,5,7,2,18,23,334
2022-02-01T01:00:00.000Z,2,69,2,1,51,87,1,5,65,159,8,2,2,1,0,3,1,7,3,180
2022-02-01T02:00:00.000Z,8,25,5,0,30,75,4,4,36,84,1,2,0,0,3,2,0,1,3,132
2022-02-01T03:00:00.000Z,4,42,1,0,24,33,0,2,19,97,0,0,0,0,3,3,1,3,3,75
2022-02-01T04:00:00.000Z,7,54,2,0,30,90,0,4,47,125,1,2,0,0,3,3,1,6,5,73
2022-02-01T05:00:00.000Z,10,46,12,1,65,84,5,1,57,146,1,4,1,0,2,6,2,7,13,90
2022-02-01T06:00:00.000Z,23,78,9,0,115,206,9,1,91,297,3,12,2,1,14,9,7,31,15,174
2022-02-01T07:00:00.000Z,27,96,15,0,490,183,16,3,75,320,9,13,8,19,9,20,11,25,26,232
2022-02-01T08:00:00.000Z,31,207,14,3,299,155,36,15,108,497,7,16,1,5,10,20,5,20,27,263
2022-02-01T09:00:00.000Z,29,248,4,4,448,171,14,7,140,321,2,16,4,13,15,10,13,26,22,253
2022-02-01T10:00:00.000Z,100,169,1,6,636,169,15,3,159,347,8,12,3,6,23,19,11,13,22,237
2022-02-01T11:00:00.000Z,48,315,4,7,690,178,29,22,164,403,2,17,16,3,23,17,2,56,23,248
2022-02-01T12:00:00.000Z,16,323,5,3,384,120,20,4,134,291,7,28,11,8,7,22,6,37,34,829
2022-02-01T13:00:00.000Z,22,325,6,6,351,120,33,5,113,257,10,11,2,2,12,16,3,12,17,735
2022-02-01T14:00:00.000Z,43,316,3,10,249,77,24,2,133,440,5,1,12,5,17,7,2,9,5,620
2022-02-01T15:00:00.000Z,65,248,12,9,378,95,30,8,125,340,6,6,7,3,10,2,3,14,16,1249
2022-02-01T16:00:00.000Z,62,394,26,37,408,103,26,13,172,278,8,37,5,7,8,91,77,9,14,1162
2022-02-01T17:00:00.000Z,47,311,21,15,351,58,20,11,125,183,1,36,6,10,11,30,28,18,9,1178
2022-02-01T18:00:00.000Z,90,649,13,25,801,91,30,29,106,155,1,25,10,24,7,16,33,40,23,750
2022-02-01T19:00:00.000Z,55,1401,9,12,1412,50,43,26,116,175,3,19,6,34,6,10,21,32,25,550
2022-02-01T20:00:00.000Z,42,1336,3,10,1650,44,25,4,87,174,5,16,4,19,6,22,11,25,18,435
2022-02-01T21:00:00.000Z,21,5479,7,7,4225,43,25,5,68,111,1,7,4,3,7,13,23,12,12,335
2022-02-01T22:00:00.000Z,12,7764,4,3,2807,61,23,1,67,113,17,3,2,2,5,31,16,2,11,235
2022-02-01T23:00:00.000Z,8,2356,1,5,582,32,4,2,27,31,1,6,2,1,0,10,6,3,5,341
2022-02-02T00:00:00.000Z,2,848,2,1,207,7,3,1,12,36,1,1,3,1,2,4,2,0,7,210
2022-02-02T01:00:00.000Z,6,353,0,1,92,4,1,1,21,27,0,0,0,0,0,2,1,2,3,76
2022-02-02T02:00:00.000Z,0,225,0,0,73,8,2,0,4,32,0,0,0,1,0,2,0,1,2,78
2022-02-02T03:00:00.000Z,1,175,1,1,41,5,3,2,4,11,1,1,1,2,1,1,0,3,3,43
2022-02-02T04:00:00.000Z,5,183,0,1,38,1,0,0,4,21,0,0,1,0,0,0,0,1,3,32
2022-02-02T05:00:00.000Z,3,375,1,1,92,6,0,0,3,12,1,0,0,0,1,2,0,0,0,53
2022-02-02T06:00:00.000Z,11,872,3,3,217,9,2,0,42,34,2,4,5,0,1,5,3,6,1,104
2022-02-02T07:00:00.000Z,14,884,3,2,288,20,5,3,34,35,2,7,1,1,4,1,9,7,13,127
2022-02-02T08:00:00.000Z,12,937,0,10,260,25,8,3,42,71,8,6,2,2,1,24,5,18,2,138
2022-02-02T09:00:00.000Z,14,913,4,21,252,63,17,10,79,102,3,11,16,0,8,25,9,12,10,232
2022-02-02T10:00:00.000Z,89,690,2,19,257,99,38,9,58,111,6,10,14,8,13,9,17,27,11,285
2022-02-02T11:00:00.000Z,30,853,15,18,371,64,32,11,70,69,27,38,5,3,11,26,23,113,11,495
2022-02-02T12:00:00.000Z,69,611,5,14,255,22,47,8,48,76,14,11,2,2,17,31,17,37,17,673
2022-02-02T13:00:00.000Z,116,431,2,15,132,34,44,1,38,57,3,11,11,3,5,25,20,48,20,342
2022-02-02T14:00:00.000Z,80,788,9,11,102,54,58,3,68,156,8,12,10,2,7,19,15,55,6,220
2022-02-02T15:00:00.000Z,57,504,6,7,103,45,32,0,43,247,5,7,11,3,19,9,11,43,3,297
2022-02-02T16:00:00.000Z,78,396,2,27,174,41,75,39,68,163,4,26,7,15,5,13,10,48,10,244
2022-02-02T17:00:00.000Z,79,315,4,9,208,54,63,10,65,241,16,24,12,13,7,9,9,301,4,300
2022-02-02T18:00:00.000Z,38,238,1,0,275,33,49,11,399,119,10,16,10,14,7,30,9,154,4,400
2022-02-02T19:00:00.000Z,43,224,0,5,141,43,70,14,351,115,6,12,12,2,3,30,13,83,8,207
2022-02-02T20:00:00.000Z,46,150,0,8,123,27,34,9,214,110,7,12,4,9,4,23,12,78,7,173
2022-02-02T21:00:00.000Z,44,123,0,7,696,25,13,8,121,136,1,30,3,4,3,23,30,59,4,192
2022-02-02T22:00:00.000Z,24,91,0,5,295,11,18,0,62,71,1,10,4,0,0,25,3,32,9,132
2022-02-02T23:00:00.000Z,21,54,0,2,166,9,6,1,30,61,1,6,3,0,0,8,3,24,1,90
2022-02-03T00:00:00.000Z,2,82,0,2,113,9,2,5,16,44,0,1,0,0,0,3,0,29,0,94
2022-02-03T01:00:00.000Z,2,22,1,6,53,6,2,0,14,51,0,3,1,0,1,2,4,15,2,38
2022-02-03T02:00:00.000Z,3,33,0,1,23,1,2,1,8,45,0,0,1,0,0,2,1,12,1,30
2022-02-03T03:00:00.000Z,1,18,0,2,21,2,4,0,14,8,0,0,3,0,0,2,1,13,0,14
2022-02-03T04:00:00.000Z,7,16,0,2,17,1,2,0,16,18,0,0,0,0,0,4,0,10,0,9
2022-02-03T05:00:00.000Z,5,20,0,0,23,0,2,0,16,41,1,3,0,0,0,6,0,11,0,33
2022-02-03T06:00:00.000Z,15,56,0,1,62,2,5,2,38,36,2,6,0,2,0,19,0,44,0,52
2022-02-03T07:00:00.000Z,18,127,1,1,105,12,3,5,40,54,1,9,2,6,4,31,5,55,7,52
2022-02-03T08:00:00.000Z,16,84,2,6,72,12,10,1,71,42,8,6,5,1,7,26,6,82,2,67
2022-02-03T09:00:00.000Z,16,124,1,1,90,5,20,26,49,112,3,9,8,2,2,18,10,81,12,82
2022-02-03T10:00:00.000Z,36,116,5,6,59,13,30,30,75,85,2,12,12,0,6,18,35,80,9,47
2022-02-03T11:00:00.000Z,42,159,4,10,184,48,37,12,52,79,2,12,13,6,12,28,23,69,5,90
2022-02-03T12:00:00.000Z,41,229,5,11,144,119,43,17,72,86,3,9,8,5,7,20,17,64,5,88
2022-02-03T13:00:00.000Z,20,156,0,19,101,77,50,12,79,65,5,21,1,7,16,10,13,57,24,67
2022-02-03T14:00:00.000Z,13,102,6,4,80,59,217,5,46,375,2,15,12,18,12,8,0,20,17,90
2022-02-03T15:00:00.000Z,15,84,8,4,80,30,63,6,78,391,1,10,5,25,67,7,13,58,11,609
2022-02-03T16:00:00.000Z,25,161,5,7,89,25,47,2,153,346,10,4,22,8,66,8,17,59,3,412
2022-02-03T17:00:00.000Z,36,155,1,6,84,47,113,3,108,652,24,7,6,6,42,10,6,38,33,334
2022-02-03T18:00:00.000Z,30,105,1,14,388,29,65,2,122,266,17,6,6,24,22,3,16,21,19,264
2022-02-03T19:00:00.000Z,44,128,4,3,158,41,69,2,60,209,124,9,6,24,19,12,6,63,17,151
2022-02-03T20:00:00.000Z,11,87,0,10,133,26,61,3,46,163,33,35,5,7,13,12,4,40,22,176
2022-02-03T21:00:00.000Z,30,40,0,3,116,3,43,2,35,130,17,12,1,11,6,5,2,23,7,143
2022-02-03T22:00:00.000Z,21,56,0,1,87,8,16,6,28,113,11,12,3,8,1,11,4,21,8,112
2022-02-03T23:00:00.000Z,11,30,1,0,52,5,21,0,16,77,8,5,4,2,9,2,1,19,2,75
2022-02-04T00:00:00.000Z,12,5,0,1,24,2,4,0,12,43,3,2,0,4,0,0,2,5,3,53
2022-02-04T01:00:00.000Z,2,13,0,3,17,2,6,0,4,44,1,1,1,1,0,0,2,2,1,31
2022-02-04T02:00:00.000Z,6,10,0,0,8,1,0,1,3,49,1,0,0,1,0,2,1,3,0,22
2022-02-04T03:00:00.000Z,2,3,0,0,11,1,5,0,3,16,4,0,1,2,0,1,0,1,2,14
2022-02-04T04:00:00.000Z,3,5,0,0,8,1,3,0,5,18,0,0,1,1,1,0,0,2,0,19
2022-02-04T05:00:00.000Z,14,11,0,1,21,2,5,0,8,16,5,2,0,2,1,0,1,10,2,18
2022-02-04T06:00:00.000Z,27,23,0,2,43,10,17,1,42,44,35,2,3,1,0,4,2,17,10,20
2022-02-04T07:00:00.000Z,24,29,1,7,196,11,25,1,28,41,12,2,2,10,1,8,28,8,5,41
2022-02-04T08:00:00.000Z,27,50,0,12,107,15,28,1,39,73,12,2,4,22,2,5,18,21,3,42
2022-02-04T09:00:00.000Z,35,47,0,11,108,52,29,6,21,44,10,5,0,20,4,91,37,50,22,53
2022-02-04T10:00:00.000Z,21,54,8,7,92,26,37,3,64,48,4,7,2,29,9,57,41,323,24,147
2022-02-04T11:00:00.000Z,16,71,4,7,112,32,37,3,83,85,19,22,2,30,13,87,30,155,25,189
2022-02-04T12:00:00.000Z,17,97,6,6,71,32,46,7,40,518,18,23,3,23,6,38,30,105,16,123
2022-02-04T13:00:00.000Z,32,55,1,6,553,28,21,9,1424,360,21,21,7,9,6,32,76,84,9,138
2022-02-04T14:00:00.000Z,15,38,1,4,249,25,30,13,558,214,13,26,17,7,13,44,30,82,8,49
2022-02-04T15:00:00.000Z,91,106,6,12,195,52,14,2,264,368,13,7,19,15,8,83,34,53,10,64
2022-02-04T16:00:00.000Z,89,113,2,22,194,37,20,8,146,255,15,18,18,51,18,48,32,41,7,81
2022-02-04T17:00:00.000Z,56,105,4,18,198,30,27,8,78,189,15,19,17,25,20,43,41,36,11,191
2022-02-04T18:00:00.000Z,140,89,7,14,764,36,66,6,54,149,32,6,9,71,2,28,14,31,3,99
2022-02-04T19:00:00.000Z,39,867,4,18,1536,73,43,6,63,164,29,22,18,117,11,37,30,28,11,72
2022-02-04T20:00:00.000Z,37,230,1,15,2648,21,62,4,51,132,18,8,12,419,5,30,26,38,8,48
2022-02-04T21:00:00.000Z,46,132,2,15,4991,16,51,9,29,158,10,31,11,413,4,30,9,28,10,35
2022-02-04T22:00:00.000Z,14,125,2,20,2233,11,16,4,29,111,8,41,4,486,4,26,10,7,8,46
2022-02-04T23:00:00.000Z,16,76,0,4,2218,10,31,1,34,114,11,7,4,166,0,9,2,7,1,17
2022-02-05T00:00:00.000Z,4,43,0,6,788,7,7,2,21,47,2,2,1,72,0,10,3,11,0,17
2022-02-05T01:00:00.000Z,5,36,0,1,396,7,9,0,6,34,1,2,1,42,0,3,3,2,0,11
2022-02-05T02:00:00.000Z,3,13,0,1,255,5,7,0,14,29,0,0,1,13,1,2,3,1,0,9
2022-02-05T03:00:00.000Z,0,14,2,3,133,8,6,2,6,16,1,0,3,22,1,4,1,6,1,4
2022-02-05T04:00:00.000Z,2,12,1,3,123,2,6,0,11,18,1,0,0,13,0,1,2,3,0,3
2022-02-05T05:00:00.000Z,5,15,1,2,141,4,1,0,5,19,0,0,3,16,1,0,1,1,0,2
2022-02-05T06:00:00.000Z,12,20,0,2,193,3,9,2,7,43,1,8,4,20,1,7,8,10,1,11
2022-02-05T07:00:00.000Z,27,40,1,5,238,4,11,5,4,553,5,8,3,41,3,4,7,12,2,18
2022-02-05T08:00:00.000Z,97,205,8,37,568,21,52,5,28,565,15,7,8,64,7,15,8,23,2,36
2022-02-05T09:00:00.000Z,63,147,3,33,420,56,26,2,32,486,5,4,3,57,1,41,16,27,5,90
2022-02-05T10:00:00.000Z,80,202,2,16,569,80,48,8,28,479,18,9,4,40,2,36,12,14,3,87
2022-02-05T11:00:00.000Z,53,261,2,18,604,41,46,5,28,639,9,6,8,46,2,67,12,10,3,107
2022-02-05T12:00:00.000Z,48,188,1,36,436,58,49,7,29,654,6,5,1,28,5,25,9,107,0,61
2022-02-05T13:00:00.000Z,60,90,1,37,279,46,28,2,30,583,10,2,2,21,1,27,11,92,1,48
2022-02-05T14:00:00.000Z,117,65,37,25,228,55,23,2,29,508,9,2,5,15,1,20,8,44,3,43
2022-02-05T15:00:00.000Z,379,76,10,79,164,25,38,3,36,375,17,1,1,12,1,8,58,37,3,41
2022-02-05T16:00:00.000Z,413,132,17,160,211,28,42,2,24,365,18,3,1,11,2,15,24,29,22,22
2022-02-05T17:00:00.000Z,1587,136,4,301,274,37,34,7,50,292,58,13,5,12,2,139,25,26,12,127
2022-02-05T18:00:00.000Z,1375,596,14,204,160,47,55,42,35,183,27,38,16,23,18,59,14,29,9,47
2022-02-05T19:00:00.000Z,681,1000,9,52,168,24,231,12,192,249,131,16,18,5,21,16,150,92,3,34
2022-02-05T20:00:00.000Z,444,2280,7,64,180,17,612,8,86,186,23,11,11,10,15,18,77,57,5,17
2022-02-05T21:00:00.000Z,225,1597,5,14,125,23,447,8,55,1010,16,17,7,4,1,10,77,40,2,26
2022-02-05T22:00:00.000Z,278,1110,6,9,128,15,644,22,35,1506,23,10,0,3,2,11,45,39,2,17
2022-02-05T23:00:00.000Z,129,327,1,11,79,18,280,2,50,618,21,8,1,3,0,6,40,36,3,10
2022-02-06T00:00:00.000Z,53,130,1,2,44,11,124,0,11,417,6,0,2,1,0,2,9,74,1,1
2022-02-06T01:00:00.000Z,26,83,3,2,24,3,65,1,19,215,7,1,0,1,1,8,10,45,1,3
2022-02-06T02:00:00.000Z,15,43,0,3,20,3,41,1,14,136,4,0,2,0,1,2,3,14,1,10
2022-02-06T03:00:00.000Z,12,28,2,0,19,2,8,1,11,104,5,0,2,2,2,1,4,42,0,2
2022-02-06T04:00:00.000Z,8,16,3,1,14,1,24,1,9,82,6,1,1,0,1,1,2,18,1,6
2022-02-06T05:00:00.000Z,22,30,2,2,14,1,37,0,11,54,5,1,1,0,0,3,4,9,0,4
2022-02-06T06:00:00.000Z,25,55,1,2,23,5,28,2,10,65,7,3,4,0,3,5,18,15,9,9
2022-02-06T07:00:00.000Z,53,127,3,6,29,8,64,4,28,120,5,6,3,5,5,13,36,34,13,16
2022-02-06T08:00:00.000Z,144,147,15,7,144,33,89,22,66,251,17,22,20,7,17,51,61,49,23,53
2022-02-06T09:00:00.000Z,175,196,26,24,136,42,92,28,119,235,27,30,58,5,42,43,76,76,25,47
2022-02-06T10:00:00.000Z,163,184,40,12,138,38,89,37,69,442,29,21,56,4,21,50,122,116,65,50
2022-02-06T11:00:00.000Z,39,40,6,13,328,3,45,7,53,116,10,8,9,0,3,12,165,20,160,16
2022-02-06T12:00:00.000Z,99,212,38,12,305,64,77,38,124,288,24,33,69,17,29,65,394,125,262,58
2022-02-06T13:00:00.000Z,89,143,145,14,194,155,46,59,547,300,98,190,101,15,127,52,774,59,412,97
2022-02-06T14:00:00.000Z,82,81,107,40,146,121,52,44,786,307,208,116,78,4,80,52,314,70,333,217
2022-02-06T15:00:00.000Z,76,75,588,9,152,326,47,113,2746,245,391,150,177,5,90,636,128,52,77,765
2022-02-06T16:00:00.000Z,61,52,564,14,292,270,46,188,1327,290,521,118,211,4,48,359,49,53,44,512
2022-02-06T17:00:00.000Z,60,76,187,28,179,115,39,114,678,291,209,106,104,6,61,372,48,56,40,509
2022-02-06T18:00:00.000Z,128,97,163,9,120,50,32,73,282,911,124,121,98,4,31,497,28,195,33,309
2022-02-06T19:00:00.000Z,189,87,99,7,86,43,27,65,337,1211,101,114,102,4,50,381,35,470,16,98
2022-02-06T20:00:00.000Z,245,127,58,7,79,21,28,17,202,4792,87,70,41,9,19,306,34,1159,22,54
2022-02-06T21:00:00.000Z,85,127,51,2,2701,15,12,18,125,3148,64,78,27,11,6,210,33,1729,14,39
2022-02-06T22:00:00.000Z,68,69,32,2,1267,10,16,17,140,2019,76,62,55,6,10,248,25,591,13,45
2022-02-06T23:00:00.000Z,27,43,17,2,1203,11,11,5,51,1234,26,18,32,3,6,89,6,253,8,15
2022-02-07T00:00:00.000Z,5,20,3,0,491,8,4,6,29,484,6,5,9,1,5,22,0,108,0,8
2022-02-07T01:00:00.000Z,11,9,10,0,209,7,5,0,19,400,5,3,3,1,0,14,1,68,0,13
2022-02-07T02:00:00.000Z,2,8,4,1,129,2,1,1,9,244,4,5,6,0,0,12,1,42,0,7
2022-02-07T03:00:00.000Z,5,7,5,2,107,6,1,0,4,197,6,9,7,0,0,13,5,28,2,6
2022-02-07T04:00:00.000Z,7,4,3,0,72,5,4,1,13,215,4,1,4,0,0,3,1,16,0,4
2022-02-07T05:00:00.000Z,4,20,3,1,107,4,4,2,25,202,12,3,3,0,0,9,5,35,1,2
2022-02-07T06:00:00.000Z,58,19,15,4,241,8,7,4,80,218,19,12,18,0,5,21,4,57,8,10
2022-02-07T07:00:00.000Z,66,33,27,3,214,9,39,2,71,254,19,6,20,1,11,50,1,76,8,17
2022-02-07T08:00:00.000Z,57,77,25,7,212,17,29,9,110,307,28,18,19,3,19,47,22,88,30,22
2022-02-07T09:00:00.000Z,49,56,12,4,380,13,25,27,122,185,49,22,21,3,6,64,39,102,29,11
2022-02-07T10:00:00.000Z,63,99,36,2,338,23,48,24,123,354,28,30,15,1,12,44,32,95,18,25
2022-02-07T11:00:00.000Z,44,88,52,7,349,16,29,33,93,293,37,17,26,3,7,89,49,79,20,19
2022-02-07T12:00:00.000Z,59,81,86,23,274,25,43,11,145,251,40,23,28,2,7,57,30,67,14,18
2022-02-07T13:00:00.000Z,111,55,31,19,192,15,33,7,340,222,17,16,37,1,8,53,31,56,4,8
2022-02-07T14:00:00.000Z,133,162,45,77,177,22,70,10,221,602,77,5,119,0,12,44,28,86,3,9
2022-02-07T15:00:00.000Z,140,442,40,87,150,44,56,6,143,553,91,36,123,1,11,31,15,62,11,14
2022-02-07T16:00:00.000Z,79,217,17,45,162,24,71,10,135,458,40,24,64,5,18,184,15,49,6,10
2022-02-07T17:00:00.000Z,58,152,19,23,185,12,88,7,111,691,32,10,36,1,20,134,13,95,18,12
2022-02-07T18:00:00.000Z,105,95,14,40,141,21,107,10,84,347,45,11,44,0,17,74,10,81,2,4
2022-02-07T19:00:00.000Z,84,153,9,33,118,26,87,22,70,1384,25,8,38,1,14,63,14,77,0,7
2022-02-07T20:00:00.000Z,57,57,16,13,149,17,74,9,55,940,21,4,16,0,11,47,8,47,1,7
2022-02-07T21:00:00.000Z,49,72,14,22,116,26,34,1,41,693,17,13,43,0,8,57,5,35,9,3
2022-02-07T22:00:00.000Z,25,41,9,15,110,14,22,4,138,429,3,9,8,1,2,28,4,21,4,1
2022-02-07T23:00:00.000Z,12,12,10,10,63,4,21,3,40,232,5,2,9,0,2,17,7,17,2,2
2022-02-08T00:00:00.000Z,9,22,3,12,44,0,15,0,9,130,4,3,9,0,0,7,2,11,0,3
2022-02-08T01:00:00.000Z,19,5,1,7,46,2,11,0,5,88,5,2,5,0,1,4,3,4,0,2
2022-02-08T02:00:00.000Z,4,8,3,4,17,1,6,1,11,70,3,1,3,0,0,6,3,6,0,1
2022-02-08T03:00:00.000Z,2,2,0,2,13,4,10,1,8,77,1,1,1,0,2,5,2,2,0,0
2022-02-08T04:00:00.000Z,8,5,1,7,14,0,2,0,9,48,8,0,7,0,0,5,2,1,0,1
2022-02-08T05:00:00.000Z,6,9,2,3,30,4,9,1,21,69,5,3,6,1,0,2,1,2,0,0
2022-02-08T06:00:00.000Z,14,23,4,6,17,3,9,2,57,116,3,3,6,0,1,10,7,6,0,1
2022-02-08T07:00:00.000Z,20,40,4,7,131,5,24,2,61,129,6,4,9,0,1,18,5,15,2,5
2022-02-08T08:00:00.000Z,15,74,0,5,121,3,19,1,44,149,14,39,7,1,1,19,7,21,5,2
2022-02-08T09:00:00.000Z,84,34,11,3,90,24,37,2,38,157,4,27,8,0,1,33,18,33,3,1
2022-02-08T10:00:00.000Z,34,32,9,11,73,9,30,16,31,136,11,19,12,1,2,23,12,45,1,22
2022-02-08T11:00:00.000Z,53,54,11,13,131,69,32,17,94,117,15,8,369,2,7,15,64,37,0,12
2022-02-08T12:00:00.000Z,57,76,5,8,118,38,29,12,79,116,11,24,270,4,4,12,72,36,3,11
2022-02-08T13:00:00.000Z,69,30,10,7,88,22,26,3,82,309,12,24,133,0,9,13,72,88,9,106
2022-02-08T14:00:00.000Z,49,45,12,23,123,28,17,6,54,327,15,21,90,0,7,26,34,51,0,34
2022-02-08T15:00:00.000Z,40,27,10,7,108,52,20,13,29,210,7,25,60,2,0,28,14,50,3,52
2022-02-08T16:00:00.000Z,43,64,8,36,128,109,41,6,417,142,12,15,85,2,6,23,46,32,1,32
2022-02-08T17:00:00.000Z,59,32,14,33,138,81,30,2,659,137,23,44,93,4,11,19,23,20,6,34
2022-02-08T18:00:00.000Z,20,29,5,5,684,151,53,5,126,128,15,46,63,4,7,15,27,33,4,37
2022-02-08T19:00:00.000Z,35,32,8,17,244,60,235,6,72,134,13,37,66,3,7,10,20,27,1,21
2022-02-08T20:00:00.000Z,28,35,12,3,149,46,349,8,35,103,5,14,40,6,13,11,12,14,9,12
2022-02-08T21:00:00.000Z,33,41,14,10,247,43,388,4,34,93,14,17,57,0,7,18,5,17,7,10
2022-02-08T22:00:00.000Z,28,42,6,14,548,34,182,3,51,81,16,20,32,1,3,9,8,8,4,13
2022-02-08T23:00:00.000Z,12,15,2,1,194,13,73,1,27,66,3,7,14,0,3,5,3,9,0,3
2022-02-09T00:00:00.000Z,8,13,0,3,103,57,54,1,4,48,0,6,11,2,0,6,1,14,0,3
2022-02-09T01:00:00.000Z,6,3,0,3,41,12,19,0,5,23,4,3,8,2,1,1,0,3,0,7
2022-02-09T02:00:00.000Z,8,5,0,4,25,7,7,0,0,20,3,0,5,0,0,0,0,8,0,6
2022-02-09T03:00:00.000Z,2,5,0,0,27,5,45,0,2,16,0,1,4,1,0,1,0,2,0,3
2022-02-09T04:00:00.000Z,5,9,0,1,37,16,19,0,8,16,1,0,5,0,1,0,1,5,0,2
2022-02-09T05:00:00.000Z,3,6,0,0,59,17,21,0,16,34,0,4,8,2,1,1,0,3,0,5
2022-02-09T06:00:00.000Z,12,10,0,3,94,34,26,0,12,37,3,6,9,1,5,1,4,1,0,5
2022-02-09T07:00:00.000Z,10,21,0,9,356,73,48,0,13,48,4,11,12,2,2,5,3,4,2,6
2022-02-09T08:00:00.000Z,13,15,0,5,252,105,68,2,70,50,9,19,16,4,3,3,9,6,5,9
2022-02-09T09:00:00.000Z,19,27,3,8,215,97,45,2,54,149,12,70,26,7,8,47,27,8,6,21
2022-02-09T10:00:00.000Z,18,22,2,5,250,88,61,2,59,180,5,60,24,2,8,14,17,6,11,31
2022-02-09T11:00:00.000Z,26,30,3,11,214,106,67,3,48,232,13,30,24,2,5,50,19,13,16,36
2022-02-09T12:00:00.000Z,34,41,11,25,446,91,81,1,79,254,22,73,44,4,12,21,30,194,5,15
2022-02-09T13:00:00.000Z,20,30,4,14,333,46,65,3,43,410,12,77,25,2,8,29,8,66,2,14
2022-02-09T14:00:00.000Z,10,89,2,10,289,36,78,0,35,247,15,33,17,1,8,22,9,35,4,11
2022-02-09T15:00:00.000Z,22,70,12,4,299,81,178,12,25,162,11,41,34,0,6,25,17,22,13,17
2022-02-09T16:00:00.000Z,18,86,9,25,307,66,86,10,25,132,19,44,22,1,13,25,8,47,16,12
2022-02-09T17:00:00.000Z,104,349,7,108,272,53,78,25,23,556,87,55,118,3,12,26,3,29,10,13
2022-02-09T18:00:00.000Z,28,156,3,35,818,97,57,3,51,346,5,31,29,3,21,48,6,41,8,6
2022-02-09T19:00:00.000Z,19,69,13,20,1626,321,33,10,55,326,8,24,25,7,68,29,20,32,3,17
2022-02-09T20:00:00.000Z,21,185,3,17,1290,359,31,9,424,240,28,9,16,4,53,17,6,13,1,18
2022-02-09T21:00:00.000Z,8,125,14,7,3612,933,98,15,284,287,32,33,6,6,43,24,26,14,5,9
2022-02-09T22:00:00.000Z,24,91,14,14,3173,1314,157,1,69,214,15,25,13,2,86,15,20,22,2,15
2022-02-09T23:00:00.000Z,5,30,11,7,455,628,24,10,35,174,23,9,5,1,20,7,2,4,1,6
2022-02-10T00:00:00.000Z,1,31,4,2,265,268,8,0,20,84,0,3,3,2,5,1,3,3,1,3
2022-02-10T01:00:00.000Z,0,6,0,0,125,85,6,0,9,40,2,1,0,0,6,3,2,0,0,3
2022-02-10T02:00:00.000Z,0,5,0,2,54,32,1,0,9,33,1,0,2,0,2,2,0,2,0,0
2022-02-10T03:00:00.000Z,1,4,0,0,74,37,9,0,15,48,2,2,1,0,1,5,1,1,1,1
2022-02-10T04:00:00.000Z,1,3,1,0,55,20,1,1,8,20,0,0,3,0,5,1,5,1,0,1
2022-02-10T05:00:00.000Z,1,10,2,0,133,48,6,0,33,47,1,4,0,0,6,2,1,1,0,4
2022-02-10T06:00:00.000Z,4,14,6,4,214,151,13,4,47,54,6,8,4,0,14,3,8,6,0,7
2022-02-10T07:00:00.000Z,26,21,4,10,295,134,25,0,32,148,4,8,6,1,36,9,2,18,2,2
2022-02-10T08:00:00.000Z,45,53,2,4,306,193,23,5,52,919,5,6,7,2,27,9,11,15,1,5
2022-02-10T09:00:00.000Z,0,0,0,0,3,0,0,0,0,5,1,0,0,0,0,0,1,0,0,0
2022-02-13T19:00:00.000Z,193,302,17,2,1090,11,31,17,291,417,7,715,30,19,43,10,246,21,3,107
2022-02-13T20:00:00.000Z,131,219,13,2,1452,35,22,10,326,253,12,237,28,2,32,3,102,18,8,87
2022-02-13T21:00:00.000Z,112,197,20,2,2664,42,29,8,191,214,11,492,24,7,31,2,89,3,5,73
2022-02-13T22:00:00.000Z,149,113,14,2,1177,17,21,8,134,180,1,199,25,7,12,4,18,8,7,40
2022-02-13T23:00:00.000Z,42,70,9,0,864,2,28,10,62,194,6,50,11,4,8,0,14,2,1,27
2022-02-14T00:00:00.000Z,15,47,1,2,319,1,6,0,22,89,2,25,8,0,2,3,6,1,3,18
2022-02-14T01:00:00.000Z,12,34,1,1,112,2,3,0,15,88,0,5,0,0,1,13,6,4,0,5
2022-02-14T02:00:00.000Z,7,20,0,1,52,0,3,0,14,31,0,6,1,0,0,0,6,1,1,8
2022-02-14T03:00:00.000Z,3,28,4,0,51,0,4,3,10,52,1,6,2,0,0,0,1,1,0,10
2022-02-14T04:00:00.000Z,2,24,0,0,56,2,6,3,10,38,0,3,3,0,0,0,6,0,0,67
2022-02-14T05:00:00.000Z,4,26,2,0,82,1,0,1,15,35,2,8,8,1,4,0,3,0,0,9
2022-02-14T06:00:00.000Z,16,18,0,1,153,3,6,2,30,172,5,17,4,2,4,2,14,2,1,10
2022-02-14T07:00:00.000Z,27,70,3,1,230,3,6,5,56,669,3,15,37,1,7,3,30,2,1,17
2022-02-14T08:00:00.000Z,29,72,5,3,196,2,17,10,60,457,7,18,20,0,19,14,23,16,1,22
2022-02-14T09:00:00.000Z,55,72,13,2,266,5,16,15,51,646,9,29,34,1,14,23,28,14,4,23
2022-02-14T10:00:00.000Z,85,183,9,5,214,28,50,4,99,500,18,24,38,3,15,36,38,18,5,66
2022-02-14T11:00:00.000Z,92,306,6,1,380,13,31,14,72,1570,42,33,41,2,20,37,39,22,5,57
2022-02-14T12:00:00.000Z,106,213,11,5,305,23,16,2,66,898,23,21,25,1,24,18,25,7,16,47
2022-02-14T13:00:00.000Z,44,154,14,13,195,2,21,1,42,664,13,20,23,0,34,32,211,3,2,33
2022-02-14T14:00:00.000Z,45,158,9,2,286,6,28,4,62,616,11,6,24,0,10,25,79,31,11,34
2022-02-14T15:00:00.000Z,76,82,2,3,233,7,16,3,115,471,17,9,32,173,9,69,39,27,8,24
2022-02-14T16:00:00.000Z,107,86,18,6,203,6,21,15,66,415,13,13,27,77,5,34,43,31,5,108
2022-02-14T17:00:00.000Z,88,81,3,8,358,6,19,7,50,487,15,3,44,65,13,21,40,33,7,26
2022-02-14T18:00:00.000Z,69,84,14,12,230,10,25,8,104,597,21,12,31,40,6,24,27,18,2,38
2022-02-14T19:00:00.000Z,60,82,7,7,230,11,33,10,67,6676,21,15,27,19,12,22,39,21,0,10
2022-02-14T20:00:00.000Z,32,68,9,10,250,15,21,1,96,925,29,5,30,19,14,22,60,17,0,12
2022-02-14T21:00:00.000Z,36,75,3,11,203,5,29,2,67,362,15,17,24,6,7,32,27,19,1,14
2022-02-14T22:00:00.000Z,31,55,3,1,172,2,9,1,46,166,8,7,13,5,5,22,37,12,3,7
2022-02-14T23:00:00.000Z,9,53,11,2,177,6,12,2,49,226,8,1,13,5,4,16,5,11,1,12
2022-02-15T00:00:00.000Z,6,28,0,1,110,0,22,0,9,255,11,2,2,3,4,2,2,11,1,3
2022-02-15T01:00:00.000Z,5,9,2,0,62,2,9,1,10,78,8,0,4,3,3,4,4,2,4,2
2022-02-15T02:00:00.000Z,4,3,3,0,52,2,0,0,4,74,2,0,3,0,0,4,2,3,0,2
2022-02-15T03:00:00.000Z,3,9,0,0,26,0,20,0,5,69,2,0,0,0,0,0,1,2,0,3
2022-02-15T04:00:00.000Z,1,24,0,0,32,0,11,0,5,114,11,1,1,0,1,2,2,1,0,9
2022-02-15T05:00:00.000Z,4,24,1,4,25,1,12,0,10,93,14,0,1,0,0,2,3,5,1,7
2022-02-15T06:00:00.000Z,14,23,6,2,41,7,8,2,27,114,14,1,4,2,1,7,32,8,3,4
2022-02-15T07:00:00.000Z,10,63,2,4,131,5,13,1,35,134,20,1,3,6,4,5,25,6,2,8
2022-02-15T08:00:00.000Z,26,235,17,1,136,27,12,1,50,1494,21,8,21,5,2,46,45,31,6,13
2022-02-15T09:00:00.000Z,34,152,24,4,151,40,44,4,58,1112,55,45,25,12,2,38,41,29,5,15
2022-02-15T10:00:00.000Z,64,137,27,2,141,42,23,9,63,1864,40,20,30,8,4,39,12,33,5,34
2022-02-15T11:00:00.000Z,66,123,30,4,233,66,16,11,91,1024,32,26,33,13,2,42,27,48,5,13
2022-02-15T12:00:00.000Z,56,72,26,4,146,33,22,11,73,1056,33,15,33,2,7,45,26,32,6,20
2022-02-15T13:00:00.000Z,32,45,13,3,109,30,33,10,69,835,21,5,21,6,20,22,29,65,1,10
2022-02-15T14:00:00.000Z,16,70,4,0,81,20,76,4,58,737,4,6,11,3,39,12,17,61,4,39
2022-02-15T15:00:00.000Z,40,56,4,2,86,22,37,3,43,1160,5,8,9,6,43,8,16,38,3,23
2022-02-15T16:00:00.000Z,24,75,5,9,182,257,31,3,94,1200,11,4,13,7,29,14,18,28,4,25
2022-02-15T17:00:00.000Z,13,45,6,4,142,179,23,3,55,1863,10,12,24,5,141,33,28,38,6,56
2022-02-15T18:00:00.000Z,21,59,5,1,187,94,13,0,36,3353,8,21,17,2,68,8,8,116,3,19
2022-02-15T19:00:00.000Z,18,54,1,1,147,56,20,1,42,3721,3,12,17,1,38,9,13,189,2,18
2022-02-15T20:00:00.000Z,7,34,2,1,73,24,17,2,32,2641,4,8,3,1,27,8,22,92,2,17
2022-02-15T21:00:00.000Z,4,23,1,1,93,23,13,2,30,7231,1,5,6,2,24,11,8,57,2,5
2022-02-15T22:00:00.000Z,8,33,0,0,101,21,22,2,26,16494,2,3,5,1,17,11,9,42,2,5
2022-02-15T23:00:00.000Z,3,42,0,1,54,18,22,0,8,3403,0,2,2,0,12,13,8,28,0,3
2022-02-16T00:00:00.000Z,5,27,1,1,27,8,6,1,1,2756,0,2,2,0,1,3,5,10,0,4
2022-02-16T01:00:00.000Z,2,13,0,1,29,2,5,0,3,1173,0,0,2,0,0,2,0,6,0,3
2022-02-16T02:00:00.000Z,0,3,0,0,14,3,2,0,5,588,0,0,0,0,1,1,1,5,0,0
2022-02-16T03:00:00.000Z,1,5,1,0,7,3,3,0,1,406,0,0,1,0,0,0,2,6,0,0
2022-02-16T04:00:00.000Z,0,1,0,0,6,3,1,0,2,386,0,0,0,0,1,1,1,2,0,1
2022-02-16T05:00:00.000Z,1,7,1,0,15,1,15,0,5,526,0,0,7,0,5,1,0,2,0,0
2022-02-16T06:00:00.000Z,2,16,0,0,33,5,19,1,19,899,2,0,7,0,10,3,11,1,1,0
2022-02-16T07:00:00.000Z,7,19,0,1,41,10,26,1,14,812,2,5,2,6,6,1,7,5,1,2
2022-02-16T08:00:00.000Z,4,157,0,12,126,13,22,6,12,1948,3,2,0,1,14,5,5,10,0,6
2022-02-16T09:00:00.000Z,11,96,0,35,128,52,34,3,15,1476,6,3,4,0,13,3,27,17,30,1
2022-02-16T10:00:00.000Z,8,51,0,14,176,18,41,8,14,1530,3,13,3,1,8,6,19,16,17,7
2022-02-16T11:00:00.000Z,17,96,2,30,131,24,48,0,79,1318,1,21,59,0,8,13,14,13,22,6
2022-02-16T12:00:00.000Z,6,96,1,16,125,30,35,6,94,1421,16,5,3,1,5,12,15,14,3,5
2022-02-16T13:00:00.000Z,15,71,11,13,94,20,56,9,52,1117,10,16,4,1,10,9,20,16,4,5
2022-02-16T14:00:00.000Z,24,54,5,21,165,39,59,6,36,1431,8,11,17,0,14,16,15,22,3,5
2022-02-16T15:00:00.000Z,21,39,2,16,119,43,97,5,33,1085,6,5,16,0,12,6,38,25,4,2
2022-02-16T16:00:00.000Z,44,76,3,17,143,31,70,100,32,864,6,9,8,0,9,7,13,15,19,1
2022-02-16T17:00:00.000Z,16,70,1,6,111,38,76,31,135,814,19,12,7,6,19,14,7,20,14,7
2022-02-16T18:00:00.000Z,24,128,1,7,446,40,51,17,101,1018,6,20,10,1,11,19,5,19,10,7
2022-02-16T19:00:00.000Z,118,62,4,7,160,39,34,114,86,1295,17,14,30,2,36,11,4,24,5,7
2022-02-16T20:00:00.000Z,44,62,0,7,104,25,31,49,59,649,13,13,26,3,21,9,7,21,2,39
2022-02-16T21:00:00.000Z,39,62,1,2,117,12,24,13,34,462,2,18,31,0,47,18,15,31,3,4
2022-02-16T22:00:00.000Z,18,38,0,7,123,14,20,14,26,429,10,10,13,0,9,2,1,8,7,1
2022-02-16T23:00:00.000Z,6,18,0,0,81,9,3,8,6,293,0,3,16,0,5,1,4,0,3,1
2022-02-17T00:00:00.000Z,2,33,1,1,24,3,12,4,7,193,1,2,0,0,4,3,0,0,1,0
2022-02-17T01:00:00.000Z,3,11,0,1,22,4,4,0,7,180,3,0,3,0,2,2,2,0,0,1
2022-02-17T02:00:00.000Z,0,8,0,0,10,2,3,0,6,88,0,2,0,0,0,1,0,1,0,0
2022-02-17T03:00:00.000Z,0,4,0,0,16,0,1,0,4,108,0,5,1,0,1,0,0,2,0,2
2022-02-17T04:00:00.000Z,2,4,0,0,18,1,1,1,4,104,0,5,0,0,0,2,0,1,0,0
2022-02-17T05:00:00.000Z,2,5,0,0,22,5,4,0,12,101,1,1,5,0,0,1,0,0,0,0
2022-02-17T06:00:00.000Z,5,14,0,0,40,24,6,4,17,114,4,12,3,0,6,2,0,8,1,1
2022-02-17T07:00:00.000Z,6,10,1,1,199,15,6,10,12,114,2,3,4,3,4,3,4,8,2,1
2022-02-17T08:00:00.000Z,22,31,2,5,129,18,6,13,20,126,2,2,4,0,14,2,5,16,1,4
2022-02-17T09:00:00.000Z,25,57,0,4,114,48,10,12,16,383,5,3,17,0,10,4,8,17,9,4
2022-02-17T10:00:00.000Z,44,47,0,3,211,73,24,10,20,659,8,5,13,0,13,6,26,41,1,6
2022-02-17T11:00:00.000Z,45,59,1,10,295,45,39,7,40,770,31,4,6,9,22,12,14,59,5,7
2022-02-17T12:00:00.000Z,70,162,0,1,166,41,27,4,35,395,10,8,15,1,12,23,19,50,4,2
2022-02-17T13:00:00.000Z,28,93,0,2,129,32,25,9,267,339,3,7,6,1,14,3,5,42,1,1
2022-02-17T14:00:00.000Z,33,75,0,3,138,28,22,9,237,329,3,1,7,15,11,2,11,55,6,4
2022-02-17T15:00:00.000Z,9,74,2,10,119,37,19,8,100,264,2,6,8,11,14,4,12,33,2,40
2022-02-17T16:00:00.000Z,13,69,1,3,139,82,22,8,204,688,1,8,9,79,17,48,447,26,1,10
2022-02-17T17:00:00.000Z,101,49,8,6,133,94,23,4,99,523,2,4,10,46,32,67,187,48,2,14
2022-02-17T18:00:00.000Z,36,38,11,7,702,38,89,7,65,334,8,23,5,27,36,37,78,215,2,5
2022-02-17T19:00:00.000Z,27,137,1,3,669,44,37,8,132,214,7,18,4,12,38,24,28,106,4,12
2022-02-17T20:00:00.000Z,69,193,9,4,1841,31,24,3,31,145,6,21,4,13,38,25,34,90,2,8
2022-02-17T21:00:00.000Z,24,91,0,2,1596,34,30,2,34,176,0,16,3,27,12,8,27,44,2,10
2022-02-17T22:00:00.000Z,8,59,6,2,795,13,19,1,15,124,1,1,0,8,13,14,10,16,3,3
2022-02-17T23:00:00.000Z,5,42,5,1,481,8,7,1,13,133,1,1,1,10,10,3,5,8,1,6
2022-02-18T00:00:00.000Z,1,20,2,0,193,6,8,0,7,73,3,4,2,7,7,1,6,5,0,0
2022-02-18T01:00:00.000Z,2,9,0,1,106,1,2,0,1,69,0,0,1,2,1,2,4,1,0,0
2022-02-18T02:00:00.000Z,3,4,0,0,73,0,3,0,3,64,0,1,0,0,0,0,3,7,0,0
2022-02-18T03:00:00.000Z,0,5,0,0,39,2,0,0,3,50,0,2,0,2,3,1,3,2,0,0
2022-02-18T04:00:00.000Z,0,5,0,1,34,0,1,0,9,21,0,4,0,0,0,1,3,6,0,0
2022-02-18T05:00:00.000Z,1,11,0,1,85,5,3,0,8,44,0,5,2,0,4,1,7,4,1,0
2022-02-18T06:00:00.000Z,10,13,0,0,156,1,1,0,15,53,1,1,5,0,8,2,7,9,0,0
2022-02-18T07:00:00.000Z,2,43,3,9,298,6,3,1,22,66,5,3,3,8,9,4,12,39,1,3
2022-02-18T08:00:00.000Z,10,66,3,15,239,6,13,2,100,123,1,15,4,2,26,12,12,26,5,16
2022-02-18T09:00:00.000Z,18,137,0,48,215,14,26,0,111,183,3,23,5,0,21,9,39,74,1,11
2022-02-18T10:00:00.000Z,39,65,7,50,236,12,15,3,139,356,0,16,27,4,14,13,24,48,16,4
2022-02-18T11:00:00.000Z,54,72,9,10,374,25,18,0,127,673,5,26,19,44,22,22,27,21,16,68
2022-02-18T12:00:00.000Z,17,77,11,26,399,17,20,3,179,518,1,19,19,11,18,19,25,23,31,35
2022-02-18T13:00:00.000Z,6,76,8,29,205,11,33,24,80,272,11,9,13,8,19,18,23,30,23,28
2022-02-18T14:00:00.000Z,16,106,9,19,144,19,15,16,44,721,2,12,23,23,36,10,53,43,12,36
2022-02-18T15:00:00.000Z,24,54,5,16,118,7,31,9,119,455,0,17,14,26,43,24,38,50,16,34
2022-02-18T16:00:00.000Z,32,57,8,14,383,26,17,4,99,438,2,20,14,11,27,57,13,54,7,16
2022-02-18T17:00:00.000Z,15,52,4,12,284,7,42,4,55,415,2,77,43,6,32,40,38,87,20,14
2022-02-18T18:00:00.000Z,14,180,1,14,188,10,22,6,65,392,6,48,14,4,28,26,34,235,14,14
2022-02-18T19:00:00.000Z,24,132,16,17,171,15,67,13,67,358,14,133,23,10,44,25,57,245,16,15
2022-02-18T20:00:00.000Z,27,76,16,3,176,14,120,6,64,252,8,169,27,3,18,18,17,356,13,27
2022-02-18T21:00:00.000Z,26,40,2,11,129,9,86,3,54,259,8,292,22,16,23,18,7,651,9,13
2022-02-18T22:00:00.000Z,1,41,6,1,135,5,44,3,61,176,6,374,7,4,7,9,12,580,2,21
2022-02-18T23:00:00.000Z,17,34,2,1,87,6,21,5,18,153,5,123,11,2,16,9,6,232,1,6
2022-02-19T00:00:00.000Z,2,10,1,3,62,1,17,1,11,81,3,33,4,0,5,1,7,40,0,2
2022-02-19T01:00:00.000Z,0,11,0,1,24,1,14,1,5,49,0,15,1,0,0,10,1,21,1,76
2022-02-19T02:00:00.000Z,0,8,0,0,21,0,6,0,2,50,0,6,0,0,2,0,0,7,0,26
2022-02-19T03:00:00.000Z,3,7,0,0,18,0,8,1,2,72,0,4,2,0,2,2,3,5,0,1
2022-02-19T04:00:00.000Z,0,3,0,2,11,0,7,0,4,36,0,5,2,0,4,2,2,5,0,2
2022-02-19T05:00:00.000Z,0,3,0,0,21,0,3,0,2,50,1,12,1,0,8,1,4,8,0,2
2022-02-19T06:00:00.000Z,2,26,1,0,17,4,8,0,9,65,1,15,7,5,5,1,13,19,0,3
2022-02-19T07:00:00.000Z,13,59,1,8,42,1,8,3,19,78,3,34,13,1,12,4,29,38,2,6
2022-02-19T08:00:00.000Z,19,80,7,4,103,9,23,5,80,281,7,36,20,2,171,5,51,51,4,17
2022-02-19T09:00:00.000Z,26,157,5,7,77,29,21,4,45,243,4,25,18,0,113,22,143,87,2,11
2022-02-19T10:00:00.000Z,32,150,4,4,101,17,26,8,51,476,1,60,18,1,139,4,123,82,2,11
2022-02-19T11:00:00.000Z,32,121,4,4,197,12,31,4,66,456,6,83,13,5,87,6,81,102,2,7
2022-02-19T12:00:00.000Z,21,147,7,5,101,39,21,1,49,313,7,78,16,1,78,28,84,101,0,24
2022-02-19T13:00:00.000Z,16,140,3,4,74,76,24,4,40,255,1,72,13,2,68,14,90,66,5,25
2022-02-19T14:00:00.000Z,7,219,4,13,108,74,30,0,26,253,1,36,16,4,54,15,83,38,1,4
2022-02-19T15:00:00.000Z,26,1070,3,25,135,52,27,0,29,338,11,35,65,1,43,14,238,78,0,17
2022-02-19T16:00:00.000Z,18,1173,3,30,90,30,24,1,43,238,4,52,19,4,48,11,378,48,8,9
2022-02-19T17:00:00.000Z,10,709,6,17,54,26,40,4,53,198,36,103,25,16,53,11,160,112,7,49
2022-02-19T18:00:00.000Z,90,499,17,15,386,21,56,4,44,454,20,73,29,6,57,29,182,77,8,12
2022-02-19T19:00:00.000Z,18,232,8,9,98,24,145,3,191,1080,19,62,10,14,161,24,61,87,6,14
2022-02-19T20:00:00.000Z,11,129,18,6,100,23,54,3,43,3551,7,57,8,9,1305,31,56,58,6,5
2022-02-19T21:00:00.000Z,11,81,8,1,146,9,33,1,49,2900,9,18,4,1,933,7,42,34,0,8
2022-02-19T22:00:00.000Z,17,32,10,10,153,15,30,0,45,2984,9,37,4,1,2734,10,27,39,4,6
2022-02-19T23:00:00.000Z,2,28,6,2,51,3,27,2,45,547,15,28,1,3,496,5,9,33,6,7
2022-02-20T00:00:00.000Z,4,25,1,1,28,0,8,0,27,294,6,8,3,1,245,7,12,12,0,2
2022-02-20T01:00:00.000Z,4,10,1,1,12,1,6,1,10,219,1,2,0,0,136,4,4,2,0,0
2022-02-20T02:00:00.000Z,0,36,0,6,12,6,4,0,3,177,6,2,5,4,79,5,7,11,1,31
2022-02-20T03:00:00.000Z,0,5,4,3,15,2,12,0,5,120,0,2,0,2,56,0,0,2,0,0
2022-02-20T04:00:00.000Z,2,4,0,2,6,3,3,1,4,83,1,2,3,1,48,1,1,3,1,1
2022-02-20T05:00:00.000Z,0,20,0,1,6,7,4,0,6,57,1,6,1,1,47,0,21,5,0,2
2022-02-20T06:00:00.000Z,15,16,9,0,17,0,11,0,10,89,1,9,4,0,73,2,3,7,1,4
2022-02-20T07:00:00.000Z,19,42,11,3,109,14,10,10,23,126,7,20,36,4,125,15,26,24,4,7
2022-02-20T08:00:00.000Z,44,46,18,16,99,25,46,12,89,216,51,36,35,21,202,15,34,41,13,62
2022-02-20T09:00:00.000Z,114,90,29,33,133,41,66,27,129,256,49,32,46,24,209,46,54,44,30,61
2022-02-20T10:00:00.000Z,82,78,47,15,125,123,33,19,106,276,63,23,35,48,218,41,45,36,24,125
2022-02-20T11:00:00.000Z,76,116,25,28,92,153,38,21,76,309,20,20,38,91,173,49,26,36,20,38
2022-02-20T12:00:00.000Z,135,81,23,51,92,267,18,18,72,187,23,27,39,159,155,75,24,24,36,78
2022-02-20T13:00:00.000Z,293,58,7,75,70,162,36,61,186,185,161,22,93,113,135,194,22,21,77,198
2022-02-20T14:00:00.000Z,590,40,8,154,95,214,51,184,156,152,95,14,309,62,115,330,26,30,45,352
2022-02-20T15:00:00.000Z,202,196,15,91,94,109,294,142,355,128,168,12,104,27,87,285,15,17,63,303
2022-02-20T16:00:00.000Z,260,205,12,64,115,118,595,86,578,143,98,15,163,14,75,193,22,9,42,137
2022-02-20T17:00:00.000Z,178,128,15,86,139,70,480,45,505,90,75,14,92,8,210,109,11,12,30,63
2022-02-20T18:00:00.000Z,75,48,25,11,320,20,136,21,358,38,48,3,29,1,48,129,9,6,3,19
2022-02-20T19:00:00.000Z,137,87,146,31,1340,32,84,10,244,126,43,25,39,14,90,87,8,71,5,42
2022-02-20T20:00:00.000Z,94,39,349,15,1136,26,95,13,110,103,21,16,52,7,57,79,7,66,8,27
2022-02-20T21:00:00.000Z,56,57,1406,8,3093,97,51,8,126,99,35,22,53,3,61,30,8,55,10,25
2022-02-20T22:00:00.000Z,55,37,437,7,632,31,49,4,63,71,61,12,29,5,47,35,7,38,3,15
2022-02-20T23:00:00.000Z,22,13,172,8,237,22,41,3,29,99,30,0,13,3,23,50,1,10,0,3
2022-02-21T00:00:00.000Z,6,5,72,3,156,15,12,4,17,33,14,4,7,6,8,6,3,10,0,7
2022-02-21T01:00:00.000Z,6,7,30,1,52,2,4,1,5,25,10,2,3,1,20,2,1,6,2,4
2022-02-21T02:00:00.000Z,6,2,19,1,35,2,4,1,11,27,5,0,1,2,4,3,1,1,1,3
2022-02-21T03:00:00.000Z,2,3,11,2,31,3,4,0,4,27,0,0,1,0,8,0,0,1,0,1
2022-02-21T04:00:00.000Z,1,1,10,4,26,1,2,0,3,24,1,0,0,0,4,1,0,4,0,0
2022-02-21T05:00:00.000Z,8,2,36,1,53,4,12,0,8,17,6,2,7,0,3,9,0,2,0,1
2022-02-21T06:00:00.000Z,13,6,71,2,111,15,6,3,29,30,12,7,10,4,15,14,3,9,1,8
2022-02-21T07:00:00.000Z,15,15,77,10,170,19,18,9,44,37,8,4,8,2,21,9,3,36,1,8
2022-02-21T08:00:00.000Z,20,27,75,6,184,39,21,8,129,132,19,6,11,5,58,17,5,31,3,5
2022-02-21T09:00:00.000Z,43,69,58,8,245,45,47,4,96,103,9,7,21,5,177,98,8,58,8,9
2022-02-21T10:00:00.000Z,25,55,66,14,149,51,29,2,87,103,8,15,7,4,246,84,11,44,5,14
2022-02-21T11:00:00.000Z,64,73,68,18,370,69,28,10,91,92,17,134,29,3,206,104,12,56,2,12
2022-02-21T12:00:00.000Z,64,103,60,14,213,40,46,8,172,191,16,133,19,3,203,83,20,32,1,21
2022-02-21T13:00:00.000Z,51,52,32,116,102,19,32,3,58,142,14,127,12,1,115,34,5,25,2,5
2022-02-21T14:00:00.000Z,52,45,48,113,97,29,17,2,34,93,5,47,8,4,94,22,11,30,1,31
2022-02-21T15:00:00.000Z,55,100,33,71,74,26,7,2,70,85,19,37,3,3,114,31,6,73,4,16
2022-02-21T16:00:00.000Z,34,104,32,37,78,25,48,1,44,93,72,24,14,8,112,26,16,77,3,67
2022-02-21T17:00:00.000Z,65,62,52,34,382,27,39,8,70,171,48,28,8,6,102,44,16,197,10,80
2022-02-21T18:00:00.000Z,60,95,27,30,175,26,17,3,70,71,29,11,17,3,66,25,12,103,4,24
2022-02-21T19:00:00.000Z,28,106,46,20,173,25,28,5,33,109,46,17,15,10,94,24,18,92,14,35
2022-02-21T20:00:00.000Z,16,61,43,10,85,18,19,1,45,63,54,32,3,4,71,32,19,146,0,58
2022-02-21T21:00:00.000Z,20,69,20,9,108,14,25,9,31,116,30,10,7,0,85,16,5,79,1,35
2022-02-21T22:00:00.000Z,20,32,15,9,67,13,8,8,12,222,8,11,5,6,62,16,8,44,1,20
2022-02-21T23:00:00.000Z,6,19,6,1,49,2,3,0,13,92,10,4,3,1,31,9,6,45,0,21
2022-02-22T00:00:00.000Z,11,6,6,0,29,3,6,0,9,57,7,0,1,1,30,1,1,17,1,8
2022-02-22T01:00:00.000Z,7,12,1,2,12,0,2,1,6,30,2,1,0,0,10,0,1,19,0,3
2022-02-22T02:00:00.000Z,5,10,2,1,10,0,0,0,1,30,1,2,0,0,20,2,4,13,6,0
2022-02-22T03:00:00.000Z,4,8,1,0,5,1,1,0,0,27,0,0,1,0,4,1,0,18,0,0
2022-02-22T04:00:00.000Z,5,4,1,3,8,1,0,0,3,29,0,0,1,0,9,2,2,15,0,0
2022-02-22T05:00:00.000Z,9,15,3,1,13,2,3,0,11,41,3,5,1,1,29,1,1,13,0,2
2022-02-22T06:00:00.000Z,7,43,0,1,33,2,3,2,21,57,5,13,2,2,52,5,5,244,2,3
2022-02-22T07:00:00.000Z,9,71,7,3,86,1,8,2,15,79,12,7,0,7,51,31,2,182,6,7
2022-02-22T08:00:00.000Z,12,166,17,11,61,15,2,0,15,76,8,11,1,21,56,7,9,160,2,4
2022-02-22T09:00:00.000Z,7,85,12,26,95,26,18,0,26,151,11,6,5,26,51,30,9,117,0,3
2022-02-22T10:00:00.000Z,24,190,8,132,47,51,13,2,21,174,8,6,9,12,49,144,29,222,5,9
2022-02-22T11:00:00.000Z,55,140,6,73,66,25,39,6,12,199,13,5,7,10,60,82,21,288,3,8
2022-02-22T12:00:00.000Z,34,93,11,53,65,15,35,2,55,203,6,10,3,4,64,98,22,342,1,4
2022-02-22T13:00:00.000Z,41,146,0,30,262,10,13,2,48,126,1,17,11,4,33,44,9,192,0,5
2022-02-22T14:00:00.000Z,19,102,12,26,150,14,9,2,38,236,8,17,4,5,22,43,5,119,1,18
2022-02-22T15:00:00.000Z,43,72,21,27,416,33,8,2,14,362,9,12,3,0,44,52,31,116,0,14
2022-02-22T16:00:00.000Z,24,151,7,14,183,16,13,4,11,423,6,7,3,3,61,36,16,225,2,9
2022-02-22T17:00:00.000Z,32,182,35,41,223,52,23,9,86,431,8,13,5,7,37,47,21,396,2,11
2022-02-22T18:00:00.000Z,31,273,18,19,145,43,22,9,48,306,18,14,10,5,32,20,22,376,2,6
2022-02-22T19:00:00.000Z,50,263,17,23,127,22,17,4,49,221,8,12,10,5,27,21,6,1032,1,8
2022-02-22T20:00:00.000Z,20,197,15,21,177,26,20,5,44,210,7,7,9,3,28,20,10,770,1,2
2022-02-22T21:00:00.000Z,7,177,9,11,152,10,22,2,19,148,10,4,7,1,13,16,13,912,1,6
2022-02-22T22:00:00.000Z,14,135,6,10,66,9,9,1,18,267,5,0,3,1,27,20,8,516,2,2
2022-02-22T23:00:00.000Z,2,70,3,9,51,2,2,0,6,123,1,2,1,0,19,9,1,99,0,0
2022-02-23T00:00:00.000Z,5,34,3,6,31,5,4,0,10,71,3,1,1,0,7,5,2,33,0,0
2022-02-23T01:00:00.000Z,0,17,0,0,19,1,0,0,3,56,0,1,0,0,13,0,0,26,0,0
2022-02-23T02:00:00.000Z,4,15,4,0,13,1,0,1,3,45,0,1,0,0,9,0,1,12,1,0
2022-02-23T03:00:00.000Z,0,5,0,0,7,1,0,0,2,33,0,0,1,0,2,0,0,3,0,0
2022-02-23T04:00:00.000Z,0,22,0,0,9,3,2,1,6,25,1,0,0,0,5,0,0,11,0,1
2022-02-23T05:00:00.000Z,2,30,0,3,27,3,1,0,2,34,0,1,0,0,0,2,2,20,0,3
2022-02-23T06:00:00.000Z,6,43,0,3,38,9,3,0,16,26,7,5,1,2,6,7,6,62,0,10
2022-02-23T07:00:00.000Z,4,80,2,7,95,4,1,2,15,55,2,1,2,0,13,2,2,72,0,7
2022-02-23T08:00:00.000Z,44,98,10,11,131,3,14,6,14,74,2,13,6,0,29,16,3,73,2,6
2022-02-23T09:00:00.000Z,69,76,1,36,290,9,8,2,18,66,6,4,3,0,15,4,17,94,1,13
2022-02-23T10:00:00.000Z,45,66,3,17,215,5,8,8,22,121,3,9,4,0,10,7,25,42,2,19
2022-02-23T11:00:00.000Z,41,90,3,21,212,35,5,23,50,272,28,21,37,0,77,48,14,41,0,13
2022-02-23T12:00:00.000Z,33,237,8,18,156,25,31,9,25,208,4,16,61,0,18,42,12,100,4,7
2022-02-23T13:00:00.000Z,39,365,1,9,145,29,21,9,67,1605,6,5,40,13,24,25,14,136,1,19
2022-02-23T14:00:00.000Z,35,267,3,8,129,17,20,3,25,2862,3,5,12,10,25,14,18,81,1,19
2022-02-23T15:00:00.000Z,33,304,3,10,106,20,9,3,11,856,5,7,81,9,24,7,23,110,5,20
2022-02-23T16:00:00.000Z,36,340,5,8,114,16,8,4,33,884,9,25,75,13,15,40,15,79,7,18
2022-02-23T17:00:00.000Z,61,232,3,15,200,23,14,1,57,506,11,32,69,3,13,18,43,91,2,17
2022-02-23T18:00:00.000Z,37,189,1,11,153,15,36,1,39,359,15,34,42,6,13,19,18,103,3,24
2022-02-23T19:00:00.000Z,48,191,1,7,140,42,87,2,17,309,14,21,21,1,22,11,10,111,4,6
2022-02-23T20:00:00.000Z,33,145,0,6,115,24,32,0,17,249,12,12,17,1,38,6,109,59,3,7
2022-02-23T21:00:00.000Z,36,141,2,3,188,28,29,5,15,204,7,213,5,0,28,5,63,59,4,18
2022-02-23T22:00:00.000Z,29,46,2,1,119,9,17,3,7,204,1,120,7,0,16,24,23,37,3,5
2022-02-23T23:00:00.000Z,18,45,0,0,56,2,20,1,7,134,0,29,6,1,6,13,13,23,1,2
2022-02-24T00:00:00.000Z,8,42,1,1,31,0,13,1,6,74,2,13,4,0,4,2,1,6,2,1
2022-02-24T01:00:00.000Z,3,18,0,0,20,0,4,0,3,45,0,8,1,0,0,2,2,5,1,0
2022-02-24T02:00:00.000Z,3,9,0,0,11,0,2,0,2,35,0,2,0,1,2,0,0,1,1,2
2022-02-24T03:00:00.000Z,3,7,0,0,10,0,2,0,1,40,0,1,0,0,2,0,5,0,0,1
2022-02-24T04:00:00.000Z,4,7,0,1,19,1,1,0,1,42,0,5,0,0,0,1,12,4,1,1
2022-02-24T05:00:00.000Z,5,10,0,0,19,5,4,0,1,51,0,14,4,1,5,0,16,8,1,1
2022-02-24T06:00:00.000Z,9,41,0,2,62,1,6,0,5,70,1,23,3,0,7,3,44,18,1,5
2022-02-24T07:00:00.000Z,5,22,6,2,153,1,7,0,3,43,4,16,3,1,7,1,16,8,2,6
2022-02-24T08:00:00.000Z,16,90,7,1,68,6,14,0,14,151,1,9,4,0,10,3,8,13,0,2
2022-02-24T09:00:00.000Z,18,73,30,7,177,2,29,1,8,303,8,12,3,29,22,8,26,35,0,3
2022-02-24T10:00:00.000Z,49,92,7,4,152,10,41,4,10,156,11,8,3,6,30,6,21,20,1,9
2022-02-24T11:00:00.000Z,32,150,7,3,180,26,38,2,11,432,2,20,17,9,19,7,26,35,2,4
2022-02-24T12:00:00.000Z,26,103,4,4,148,41,47,0,6,295,0,80,23,4,11,5,26,30,0,2
2022-02-24T13:00:00.000Z,27,106,3,6,78,58,27,0,109,147,2,25,48,9,8,8,11,11,2,5
2022-02-24T14:00:00.000Z,14,48,1,4,57,25,20,2,64,92,1,21,15,2,28,22,30,34,3,8
2022-02-24T15:00:00.000Z,20,152,6,22,190,21,24,1,42,392,0,32,4,13,64,12,16,18,3,3
2022-02-24T16:00:00.000Z,23,59,2,14,742,39,22,4,42,262,0,17,5,2,38,11,15,19,11,3
2022-02-24T17:00:00.000Z,30,65,8,6,662,16,25,5,29,228,3,13,0,2,37,37,10,28,9,3
2022-02-24T18:00:00.000Z,34,36,1,9,1309,9,21,7,11,164,0,11,17,0,29,8,8,23,13,2
2022-02-24T19:00:00.000Z,14,47,6,13,1247,15,23,26,12,194,1,24,124,3,27,18,25,22,3,0
2022-02-24T20:00:00.000Z,13,58,3,8,558,10,17,2,41,239,1,20,42,7,36,11,0,6,0,4
2022-02-24T21:00:00.000Z,12,39,4,6,229,7,19,3,27,199,0,8,23,1,12,12,5,7,5,1
2022-02-24T22:00:00.000Z,11,120,3,3,172,4,24,1,21,145,0,6,9,2,17,13,1,5,1,0
2022-02-24T23:00:00.000Z,5,188,0,1,80,5,24,1,15,122,0,1,11,1,5,22,2,5,1,1
2022-02-25T00:00:00.000Z,9,39,2,1,53,2,8,1,2,77,0,3,9,1,1,8,1,4,0,0
2022-02-25T01:00:00.000Z,4,31,11,1,73,1,4,0,15,78,0,0,0,6,3,0,0,0,1,1
2022-02-25T02:00:00.000Z,3,15,3,0,20,1,2,0,4,47,0,1,0,1,0,1,0,0,0,0
2022-02-25T03:00:00.000Z,0,5,2,1,7,0,1,0,3,50,2,0,3,0,1,2,1,1,0,0
2022-02-25T04:00:00.000Z,0,12,0,2,25,0,0,0,1,83,0,1,1,0,2,2,0,0,1,0
2022-02-25T05:00:00.000Z,5,27,3,2,29,0,6,0,5,72,0,1,3,1,8,3,1,1,0,0
2022-02-25T06:00:00.000Z,3,42,3,2,71,1,7,2,9,63,0,9,9,4,10,3,7,1,0,0
2022-02-25T07:00:00.000Z,10,53,4,17,145,10,14,2,16,91,3,17,23,3,17,23,21,4,2,3
2022-02-25T08:00:00.000Z,10,185,9,13,109,11,41,2,60,207,4,15,34,6,16,53,6,9,5,4
2022-02-25T09:00:00.000Z,10,114,9,22,95,5,42,2,84,820,4,6,19,2,35,59,23,18,5,2
2022-02-25T10:00:00.000Z,11,176,15,19,67,12,34,2,49,948,2,19,20,3,24,45,13,30,28,18
2022-02-25T11:00:00.000Z,18,1343,6,12,454,9,280,2,116,462,5,98,20,27,9,53,13,22,18,33
2022-02-25T12:00:00.000Z,26,575,9,36,970,5,154,5,74,600,5,112,10,8,26,361,14,22,9,23
2022-02-25T13:00:00.000Z,39,401,13,16,466,22,109,10,109,331,0,83,18,4,20,98,171,15,8,63
2022-02-25T14:00:00.000Z,36,230,10,33,230,20,48,21,139,301,2,47,10,8,10,75,121,19,4,34
2022-02-25T15:00:00.000Z,43,166,5,31,223,6,44,9,87,207,1,58,20,3,15,63,53,24,7,32
2022-02-25T16:00:00.000Z,26,132,10,11,158,49,39,11,67,227,5,47,27,4,28,54,52,32,12,33
2022-02-25T17:00:00.000Z,70,97,5,25,325,38,52,13,41,282,5,44,22,2,28,106,74,13,22,17
2022-02-25T18:00:00.000Z,107,149,4,44,144,21,24,4,41,378,13,41,17,4,14,88,54,9,11,18
2022-02-25T19:00:00.000Z,89,87,14,79,113,32,76,18,58,196,20,44,30,10,17,152,40,22,15,26
2022-02-25T20:00:00.000Z,34,51,13,208,95,11,86,11,41,147,10,30,12,8,19,559,22,13,19,17
2022-02-25T21:00:00.000Z,38,48,9,154,103,19,54,9,27,119,13,25,15,3,15,608,20,3,16,18
2022-02-25T22:00:00.000Z,21,73,5,103,104,8,21,3,24,126,3,24,12,0,7,496,26,6,10,10
2022-02-25T23:00:00.000Z,14,83,4,24,55,5,3,1,11,108,0,5,21,0,9,145,12,3,3,5
2022-02-26T00:00:00.000Z,8,34,5,11,43,5,7,3,15,60,2,6,3,1,4,36,6,6,5,10
2022-02-26T01:00:00.000Z,4,15,0,8,18,1,8,0,6,35,2,8,1,0,2,16,7,5,1,2
2022-02-26T02:00:00.000Z,0,12,1,2,15,4,4,0,5,36,1,1,3,0,1,14,5,2,0,5
2022-02-26T03:00:00.000Z,3,2,0,0,14,0,1,1,1,25,0,3,0,0,3,9,0,2,0,0
2022-02-26T04:00:00.000Z,8,9,0,1,10,1,7,1,0,33,0,2,1,0,1,4,4,1,0,1
2022-02-26T05:00:00.000Z,9,5,0,5,10,1,1,1,4,69,1,4,5,0,1,4,1,0,0,1
2022-02-26T06:00:00.000Z,10,11,0,8,20,12,5,4,8,33,4,12,25,4,5,23,6,2,3,5
2022-02-26T07:00:00.000Z,20,36,2,11,85,23,8,3,13,43,1,4,37,1,2,56,22,0,3,3
2022-02-26T08:00:00.000Z,206,77,3,15,91,15,14,3,92,195,11,6,60,7,8,90,25,11,9,12
2022-02-26T09:00:00.000Z,102,71,4,4,149,43,9,7,37,124,3,7,44,6,3,47,19,8,4,11
2022-02-26T10:00:00.000Z,144,88,22,9,105,34,37,9,86,453,2,10,63,5,33,41,13,76,4,11
2022-02-26T11:00:00.000Z,132,113,5,4,166,16,55,3,67,264,2,13,30,6,20,54,14,26,9,19
2022-02-26T12:00:00.000Z,87,74,9,9,129,20,18,7,41,236,69,9,29,3,15,47,4,25,1,76
2022-02-26T13:00:00.000Z,297,61,3,18,134,16,25,7,54,226,20,16,47,1,19,79,9,14,2,36
2022-02-26T14:00:00.000Z,118,27,5,12,72,76,27,9,74,138,14,4,75,1,9,25,8,17,0,23
2022-02-26T15:00:00.000Z,415,41,0,12,100,109,28,3,34,103,14,5,139,0,11,30,12,12,3,23
2022-02-26T16:00:00.000Z,199,26,14,14,78,97,17,16,32,141,20,21,108,12,20,16,54,10,10,28
2022-02-26T17:00:00.000Z,196,65,6,23,97,358,45,17,25,375,9,7,140,1,15,26,13,48,7,43
2022-02-26T18:00:00.000Z,194,155,0,20,408,357,55,21,39,429,11,26,231,13,35,13,6,23,16,35
2022-02-26T19:00:00.000Z,1105,70,56,14,114,149,33,10,88,998,14,35,181,18,39,19,6,37,17,19
2022-02-26T20:00:00.000Z,825,36,16,5,121,61,7,6,51,2423,6,40,51,7,31,11,20,17,4,10
2022-02-26T21:00:00.000Z,582,17,10,17,90,36,12,18,29,3159,3,11,45,0,18,12,20,13,3,8
2022-02-26T22:00:00.000Z,149,23,5,5,80,32,16,6,13,1639,4,4,19,4,4,5,5,13,1,6
2022-02-26T23:00:00.000Z,59,7,8,4,60,11,6,2,17,727,6,2,17,2,4,14,3,3,5,6
2022-02-27T00:00:00.000Z,23,14,3,0,29,7,6,0,18,499,0,0,7,0,1,4,0,9,1,1
2022-02-27T01:00:00.000Z,19,8,0,1,16,3,22,0,6,182,0,0,8,0,6,0,1,4,0,0
2022-02-27T02:00:00.000Z,9,7,0,0,17,4,1,0,7,109,0,2,13,0,0,1,1,2,2,0
2022-02-27T03:00:00.000Z,10,1,3,1,9,0,4,1,7,109,0,1,33,0,0,0,1,0,0,0
2022-02-27T04:00:00.000Z,6,2,1,2,8,0,5,3,5,94,6,2,25,1,3,1,1,3,1,2
2022-02-27T05:00:00.000Z,12,3,0,0,7,2,7,0,4,141,1,1,23,0,6,1,1,2,0,0
2022-02-27T06:00:00.000Z,14,3,6,0,25,4,12,4,7,92,6,4,37,0,7,4,2,1,0,6
2022-02-27T07:00:00.000Z,24,29,19,0,132,15,28,1,28,221,26,9,67,10,8,6,11,13,9,9
2022-02-27T08:00:00.000Z,34,111,17,3,140,26,39,24,57,263,26,20,120,11,22,21,48,18,31,35
2022-02-27T09:00:00.000Z,45,209,49,4,161,19,34,43,104,247,22,20,224,8,23,15,33,19,43,51
2022-02-27T10:00:00.000Z,53,313,39,2,149,47,28,20,75,372,19,24,286,6,15,11,42,60,33,64
2022-02-27T11:00:00.000Z,63,196,35,4,130,35,151,10,77,203,86,27,275,10,33,8,27,28,23,41
2022-02-27T12:00:00.000Z,90,186,13,1,155,30,315,15,223,360,160,39,233,17,36,20,54,33,22,40
2022-02-27T13:00:00.000Z,32,162,208,1,84,19,787,14,429,481,166,130,201,115,74,25,171,28,155,160
2022-02-27T14:00:00.000Z,34,176,147,4,212,21,794,25,426,581,259,94,167,90,66,23,105,34,94,221
2022-02-27T15:00:00.000Z,23,118,164,3,1029,36,189,78,339,182,59,165,118,343,172,15,503,40,114,137
2022-02-27T16:00:00.000Z,54,142,113,3,793,49,116,149,292,435,37,121,128,183,125,76,287,27,305,168
2022-02-27T17:00:00.000Z,55,297,52,2,1618,31,104,153,139,291,73,40,125,36,70,23,121,17,92,60
2022-02-27T18:00:00.000Z,37,788,49,3,2659,28,96,242,108,174,21,62,98,27,74,17,60,162,34,30
2022-02-27T19:00:00.000Z,27,796,36,1,357,16,72,50,94,141,31,24,78,14,35,17,77,257,24,28
2022-02-27T20:00:00.000Z,29,1239,17,1,335,22,66,23,70,140,16,66,62,13,43,12,41,507,39,25
2022-02-27T21:00:00.000Z,17,2328,17,4,236,21,26,16,44,136,20,16,63,3,29,4,34,1204,11,17
2022-02-27T22:00:00.000Z,17,1032,21,1,160,35,22,8,42,177,9,6,53,14,11,4,31,621,11,20
2022-02-27T23:00:00.000Z,24,302,13,0,111,5,18,13,27,122,11,4,46,0,13,4,7,111,21,14
2022-02-28T00:00:00.000Z,4,96,5,0,72,1,20,4,12,84,2,2,20,4,3,4,6,30,2,5
2022-02-28T01:00:00.000Z,13,35,0,0,31,2,12,0,2,103,2,0,6,0,0,1,3,16,5,2
2022-02-28T02:00:00.000Z,6,19,1,0,24,6,2,0,2,68,1,0,7,1,1,0,6,6,2,1
2022-02-28T03:00:00.000Z,9,20,0,0,11,9,5,1,4,26,2,0,0,1,1,2,3,4,0,3
2022-02-28T04:00:00.000Z,25,39,2,0,11,2,1,2,6,34,1,1,4,0,1,0,2,8,0,1
2022-02-28T05:00:00.000Z,41,72,2,0,26,2,4,2,12,34,1,0,2,1,7,2,4,33,5,5
2022-02-28T06:00:00.000Z,45,134,8,2,67,3,13,7,24,35,3,6,21,3,7,0,8,39,18,1
2022-02-28T07:00:00.000Z,47,127,5,2,378,11,9,7,31,50,10,9,12,6,10,6,57,64,11,2
2022-02-28T08:00:00.000Z,59,195,4,6,240,8,15,19,24,139,10,17,8,11,10,5,105,44,61,11
2022-02-28T09:00:00.000Z,91,217,5,1,236,15,39,18,32,250,8,17,24,21,16,38,64,49,99,10
2022-02-28T10:00:00.000Z,42,141,8,2,72,10,19,10,12,297,3,4,11,1,18,19,27,27,43,8
2022-02-23T15:06:46.000Z,31,262,3,7,98,18,5,3,9,746,5,6,81,9,21,7,20,94,4,19
2022-02-28T11:00:00.000Z,72,220,3,1,136,127,15,11,116,297,3,10,15,2,18,72,43,98,21,29
2022-02-28T12:00:00.000Z,84,190,4,7,143,73,49,9,75,207,1,16,10,2,15,47,27,48,25,9
2022-02-28T13:00:00.000Z,95,149,3,12,77,40,48,1,33,183,2,14,7,15,18,53,49,15,13,6
2022-02-28T14:00:00.000Z,67,131,3,8,100,40,33,5,33,155,5,8,7,4,17,43,18,25,19,3
2022-02-28T15:00:00.000Z,40,104,3,7,108,67,38,3,17,123,4,9,9,7,14,36,14,16,20,37
2022-02-28T16:00:00.000Z,87,197,3,39,82,106,50,7,27,176,15,23,4,2,16,65,19,57,17,24
2022-02-28T17:00:00.000Z,78,244,9,31,197,123,40,16,138,204,20,21,3,9,23,49,20,47,27,20
2022-02-28T18:00:00.000Z,38,134,12,20,126,110,56,21,69,150,25,26,12,3,13,158,91,38,12,3
2022-02-28T19:00:00.000Z,49,160,12,12,105,58,38,12,54,140,9,34,9,4,3,73,54,36,28,5
2022-02-28T20:00:00.000Z,69,134,7,16,50,50,45,5,38,133,19,31,8,3,13,56,31,30,13,4
2022-02-28T21:00:00.000Z,54,154,4,11,55,33,20,5,30,108,17,16,6,9,10,39,35,35,2,5
2022-02-28T22:00:00.000Z,26,74,2,10,34,27,34,0,25,89,3,20,6,3,9,33,14,14,5,0
2022-02-28T23:00:00.000Z,9,47,2,9,28,16,14,6,6,95,2,7,1,1,0,9,9,11,5,1
2022-03-01T00:00:00.000Z,3,23,0,2,27,4,10,0,6,29,1,1,3,0,1,9,11,6,1,2
2022-03-01T01:00:00.000Z,7,19,4,1,9,8,3,0,7,46,0,0,1,0,0,0,6,3,3,1
2022-03-01T02:00:00.000Z,4,15,0,4,10,7,1,0,2,30,1,2,0,0,0,3,3,1,0,0
2022-03-01T03:00:00.000Z,3,11,0,2,6,4,0,0,1,58,0,0,0,0,0,1,1,2,1,1
2022-03-01T04:00:00.000Z,4,4,0,2,12,14,2,0,1,55,1,0,1,0,1,5,5,1,1,0
2022-03-01T05:00:00.000Z,9,26,0,7,9,4,4,0,15,57,0,0,1,1,8,1,6,1,7,1
2022-03-01T06:00:00.000Z,19,20,3,8,13,32,2,0,13,89,2,7,4,0,3,7,16,13,3,1
2022-03-01T07:00:00.000Z,9,21,2,4,149,25,13,2,20,104,1,7,4,4,6,13,18,17,8,4
2022-03-01T08:00:00.000Z,15,64,4,9,80,61,19,0,30,155,5,21,10,0,11,21,8,18,4,1
2022-03-01T09:00:00.000Z,33,160,3,19,82,55,14,5,18,146,11,24,13,8,15,133,25,34,3,13
2022-03-01T10:00:00.000Z,46,106,6,12,59,45,13,3,21,315,6,19,21,3,17,76,33,30,2,10
2022-03-01T11:00:00.000Z,65,155,3,37,112,40,8,9,21,341,39,15,19,2,9,80,33,57,82,5
2022-03-01T12:00:00.000Z,23,98,5,43,73,63,16,3,14,172,17,8,7,4,14,48,28,50,17,3
2022-03-01T13:00:00.000Z,29,72,3,30,106,66,16,2,23,148,6,6,18,10,13,32,12,45,5,3
2022-03-01T14:00:00.000Z,34,48,6,25,180,43,36,5,13,140,7,7,5,3,18,27,10,31,5,2
2022-03-01T15:00:00.000Z,70,51,3,21,251,75,28,4,12,221,6,8,42,1,6,57,6,22,17,5
2022-03-01T16:00:00.000Z,109,45,4,45,265,49,24,2,59,387,3,9,47,14,21,63,11,27,11,3
2022-03-01T17:00:00.000Z,64,63,0,16,281,64,40,3,46,405,13,7,35,7,11,50,26,19,15,0
2022-03-01T18:00:00.000Z,73,43,2,9,160,75,78,14,55,701,15,10,41,3,11,68,15,23,4,2
2022-03-01T19:00:00.000Z,79,22,3,16,79,194,85,3,29,1090,6,7,36,2,41,46,6,27,3,1
2022-03-01T20:00:00.000Z,51,26,5,17,109,180,59,5,27,523,3,9,28,5,45,39,16,18,5,2
2022-03-01T21:00:00.000Z,27,43,4,11,108,447,43,0,3,444,11,3,15,5,36,18,10,9,5,2
2022-03-01T22:00:00.000Z,23,30,0,9,90,1075,49,2,9,292,9,10,17,0,17,26,5,4,2,1
2022-03-01T23:00:00.000Z,28,21,0,6,68,407,13,1,6,228,5,1,22,0,9,25,2,4,6,0
2022-03-02T00:00:00.000Z,7,10,1,2,14,115,9,0,0,69,3,2,1,0,5,3,2,2,0,1
2022-03-02T01:00:00.000Z,4,8,0,3,11,19,14,0,1,37,1,0,2,0,5,4,0,2,2,0
2022-03-02T02:00:00.000Z,0,4,0,2,8,17,1,0,3,27,1,0,2,0,0,1,2,2,1,0
2022-03-02T03:00:00.000Z,0,5,0,4,12,19,0,0,1,44,0,0,3,0,0,1,0,0,1,0
2022-03-02T04:00:00.000Z,2,5,0,1,9,16,5,0,4,48,0,1,2,0,6,2,0,0,0,0
2022-03-02T05:00:00.000Z,6,12,1,4,23,36,4,0,2,43,1,1,2,0,3,4,2,1,6,0
2022-03-02T06:00:00.000Z,11,18,1,7,48,126,9,0,14,91,2,2,10,1,12,13,5,1,2,4
2022-03-02T07:00:00.000Z,14,17,3,15,76,127,26,0,9,96,1,7,13,1,29,16,3,4,1,0
2022-03-02T08:00:00.000Z,15,37,0,11,110,134,53,5,17,116,6,9,10,9,53,28,4,6,10,2
2022-03-02T09:00:00.000Z,34,114,14,11,201,116,93,3,19,305,5,8,36,7,96,39,9,10,14,23
2022-03-02T10:00:00.000Z,36,131,51,13,152,190,56,2,74,372,9,12,27,0,103,51,18,16,15,59
2022-03-02T11:00:00.000Z,47,149,25,16,248,102,56,1,72,229,19,18,28,1,78,60,39,29,13,27
2022-03-02T12:00:00.000Z,80,112,17,18,136,111,70,2,60,219,19,37,36,3,59,50,20,21,26,15
2022-03-02T13:00:00.000Z,97,115,12,22,107,76,79,0,21,244,19,33,27,2,34,71,35,30,16,10
2022-03-02T14:00:00.000Z,140,75,7,50,86,83,66,5,27,282,37,34,44,0,35,84,21,21,9,9
2022-03-02T15:00:00.000Z,9,4,1,6,12,6,14,0,2,19,0,0,4,0,4,10,0,1,1,1
2022-03-02T16:00:00.000Z,84,91,17,22,119,87,42,2,35,188,18,25,34,20,41,32,10,19,2,14
2022-03-02T17:00:00.000Z,74,123,5,28,288,238,68,4,17,315,18,23,30,3,73,74,44,12,8,5
2022-03-02T18:00:00.000Z,71,64,4,16,139,167,92,0,8,443,53,22,13,2,89,32,15,4,4,5
2022-03-02T19:00:00.000Z,50,58,3,25,156,141,189,0,17,234,26,26,16,7,186,29,13,13,9,6
2022-03-02T20:00:00.000Z,60,42,2,8,114,85,361,9,20,150,11,33,12,3,252,34,5,6,5,5
2022-03-02T21:00:00.000Z,39,31,2,3,80,67,446,5,46,165,9,17,9,4,202,32,6,6,2,2
2022-03-02T22:00:00.000Z,34,47,2,13,124,254,1067,1,29,113,8,14,9,1,1749,31,6,12,0,2
2022-03-02T23:00:00.000Z,19,10,2,11,44,108,167,1,13,78,6,6,5,0,716,12,12,3,0,1
2022-03-03T00:00:00.000Z,18,8,0,10,10,35,41,0,2,47,6,6,7,0,252,6,0,2,0,0
2022-03-03T01:00:00.000Z,9,23,0,7,8,21,25,0,1,42,9,7,7,0,139,7,0,1,2,0
2022-03-03T02:00:00.000Z,4,32,0,2,5,18,18,0,2,36,1,1,1,0,52,2,0,0,0,0
2022-03-03T03:00:00.000Z,2,14,0,1,29,6,4,0,0,43,1,1,1,0,28,3,0,2,0,0
2022-03-03T04:00:00.000Z,4,10,1,4,20,11,10,0,3,19,2,2,2,0,61,3,0,1,0,1
2022-03-03T05:00:00.000Z,12,14,0,7,13,25,24,0,4,70,8,8,10,1,110,10,2,1,2,0
2022-03-03T06:00:00.000Z,26,18,4,10,26,53,43,1,9,47,10,9,8,0,207,11,6,2,4,2
2022-03-03T07:00:00.000Z,26,40,1,5,82,50,48,1,16,37,8,23,4,1,269,15,1,6,2,0
2022-03-03T08:00:00.000Z,43,46,3,9,58,67,72,25,39,65,7,38,7,2,231,15,1,25,18,3
2022-03-03T09:00:00.000Z,33,42,4,10,56,134,100,35,33,208,4,15,17,3,238,14,7,18,18,14
2022-03-03T10:00:00.000Z,36,47,4,14,59,165,61,4,12,276,4,23,8,3,203,19,8,9,7,6
2022-03-03T11:00:00.000Z,72,66,6,11,139,170,55,5,70,152,5,11,13,1,175,11,14,11,15,7
2022-03-03T12:00:00.000Z,83,62,0,11,65,325,71,9,50,166,35,14,6,1,148,14,10,8,8,3
2022-03-03T13:00:00.000Z,64,41,4,11,67,342,41,0,31,150,13,18,9,4,124,25,3,15,2,14
2022-03-03T14:00:00.000Z,37,48,0,7,74,107,65,1,28,149,10,21,17,8,106,18,6,20,11,5
2022-03-03T15:00:00.000Z,42,36,2,6,87,121,72,0,53,144,13,17,9,10,87,13,4,22,10,9
2022-03-03T16:00:00.000Z,23,45,0,3,75,221,64,1,67,272,1,12,7,4,94,11,5,14,19,37
2022-03-03T17:00:00.000Z,30,68,1,13,141,119,73,3,31,114,5,8,6,6,88,17,8,24,15,29
2022-03-03T18:00:00.000Z,67,230,3,10,104,102,92,1,57,272,8,15,22,8,203,22,234,15,10,12
2022-03-03T19:00:00.000Z,51,105,0,13,95,69,67,6,61,231,2,12,14,9,201,25,124,11,8,24
2022-03-03T20:00:00.000Z,39,64,2,6,97,54,74,2,54,142,6,5,7,1,164,15,61,5,15,9
2022-03-03T21:00:00.000Z,37,36,1,3,77,45,51,1,34,101,6,15,3,5,139,20,25,151,1,10
2022-03-03T22:00:00.000Z,16,17,3,3,75,34,41,0,13,98,8,2,2,0,99,13,5,59,11,4
2022-03-03T23:00:00.000Z,13,15,0,1,27,16,21,0,11,83,1,1,1,1,42,2,3,12,1,2
2022-03-04T00:00:00.000Z,2,17,1,2,18,11,11,0,3,42,0,0,0,0,23,0,7,13,1,6
2022-03-04T01:00:00.000Z,3,2,0,0,8,9,5,0,0,28,1,1,0,0,19,1,0,2,0,0
2022-03-04T02:00:00.000Z,0,5,0,1,9,3,8,1,2,16,1,0,0,0,16,2,2,4,0,0
2022-03-04T03:00:00.000Z,1,1,1,2,10,7,6,0,2,26,0,0,0,0,12,0,0,8,0,0
2022-03-04T04:00:00.000Z,1,4,0,1,10,2,6,0,2,47,0,1,0,0,21,1,3,3,1,1
2022-03-04T05:00:00.000Z,11,9,0,0,14,12,15,1,9,49,1,3,0,0,29,1,2,13,5,1
2022-03-04T06:00:00.000Z,10,23,0,3,51,23,34,0,35,47,1,2,2,0,57,7,12,12,10,9
2022-03-04T07:00:00.000Z,26,47,2,9,93,20,24,1,29,50,3,8,1,2,66,4,9,27,5,11
2022-03-04T08:00:00.000Z,21,90,3,2,53,34,54,3,37,52,5,9,3,5,70,28,10,13,15,9
2022-03-04T09:00:00.000Z,19,191,1,1,61,34,46,16,41,139,9,9,7,3,150,38,11,8,17,5
2022-03-04T10:00:00.000Z,23,126,1,6,93,28,46,33,29,279,19,8,4,0,113,13,23,17,16,8
2022-03-04T11:00:00.000Z,19,118,8,7,51,43,50,21,30,147,6,13,12,8,95,38,17,9,18,14
2022-03-04T12:00:00.000Z,47,255,11,10,88,66,44,11,33,291,4,18,6,33,92,22,20,24,22,14
2022-03-04T13:00:00.000Z,39,154,9,3,43,56,23,11,20,211,1,11,6,6,102,48,85,15,22,9
2022-03-04T14:00:00.000Z,12,91,3,3,31,32,45,13,21,332,14,4,26,6,65,30,29,16,8,16
2022-03-04T15:00:00.000Z,21,126,16,2,42,42,38,17,51,348,7,8,10,9,69,21,20,12,15,15
2022-03-04T16:00:00.000Z,12,144,10,10,42,62,38,12,118,228,6,3,17,27,83,39,24,146,15,18
2022-03-04T17:00:00.000Z,35,117,6,18,219,24,49,2,28,258,6,20,17,23,47,30,35,81,40,10
2022-03-04T18:00:00.000Z,53,204,5,22,83,25,43,7,19,192,9,20,11,11,44,35,61,41,66,19
2022-03-04T19:00:00.000Z,44,780,7,17,119,48,55,26,44,184,13,28,17,21,61,27,32,35,93,7
2022-03-04T20:00:00.000Z,34,815,6,22,91,25,67,10,19,245,5,45,12,6,42,23,22,35,135,14
2022-03-04T21:00:00.000Z,19,1808,4,11,57,27,39,9,18,182,3,15,4,14,36,17,21,29,156,24
2022-03-04T22:00:00.000Z,19,1310,4,4,50,23,31,6,8,143,5,5,8,6,28,4,12,18,58,10
2022-03-04T23:00:00.000Z,6,1211,0,6,25,20,22,4,7,85,4,6,2,4,6,5,8,8,20,8
2022-03-05T00:00:00.000Z,7,377,1,2,14,4,9,1,5,67,0,3,3,0,7,4,3,6,3,2
2022-03-05T01:00:00.000Z,6,186,0,0,23,2,5,1,5,83,0,1,1,0,6,0,0,5,6,0
2022-03-05T02:00:00.000Z,6,106,0,1,7,5,5,1,11,47,0,1,0,1,7,1,0,5,6,0
2022-03-05T03:00:00.000Z,3,60,0,3,3,4,1,1,16,72,0,1,1,0,6,1,0,4,2,0
2022-03-05T04:00:00.000Z,6,62,1,1,10,1,2,1,0,21,0,0,0,0,0,1,2,11,5,1
2022-03-05T05:00:00.000Z,4,64,0,3,17,2,3,1,8,23,1,4,0,0,7,0,6,6,0,2
2022-03-05T06:00:00.000Z,14,180,2,1,23,13,5,1,4,41,4,5,1,1,7,0,18,2,5,14
2022-03-05T07:00:00.000Z,24,281,2,3,14,34,5,2,11,68,2,8,4,6,24,4,53,11,6,21
2022-03-05T08:00:00.000Z,34,250,7,37,22,209,12,4,30,319,7,9,13,6,18,2,47,10,13,22
2022-03-05T09:00:00.000Z,141,257,7,28,28,118,29,2,32,270,5,16,19,6,17,14,67,9,7,42
2022-03-05T10:00:00.000Z,165,224,0,15,55,123,18,10,22,556,3,30,8,1,28,8,128,13,7,103
2022-03-05T11:00:00.000Z,107,171,3,13,125,112,16,5,115,290,2,9,7,0,20,5,36,19,13,32
2022-03-05T12:00:00.000Z,144,155,18,17,74,138,9,10,67,526,4,25,7,2,19,3,79,23,17,39
2022-03-05T13:00:00.000Z,71,313,4,20,79,130,26,5,53,484,0,14,27,1,22,14,45,19,9,28
2022-03-05T14:00:00.000Z,54,151,5,12,110,106,26,5,22,468,3,4,8,1,12,11,107,16,3,34
2022-03-05T15:00:00.000Z,67,171,7,19,133,93,14,7,25,341,2,14,18,2,22,6,293,32,11,212
2022-03-05T16:00:00.000Z,28,144,4,13,140,60,14,3,23,240,9,5,10,3,26,13,158,21,4,133
2022-03-05T17:00:00.000Z,88,104,13,11,121,43,24,9,16,216,9,18,6,12,15,39,261,28,1,382
2022-03-05T18:00:00.000Z,221,233,10,15,73,82,76,5,32,486,4,46,2,10,15,22,226,6,1,520
2022-03-05T19:00:00.000Z,135,151,5,32,299,203,42,84,88,889,7,20,8,6,22,11,63,32,7,156
2022-03-05T20:00:00.000Z,62,82,6,7,558,285,16,31,48,922,8,12,7,6,17,10,37,11,2,73
2022-03-05T21:00:00.000Z,58,73,1,18,292,458,20,11,16,2106,13,15,4,1,12,3,45,8,2,39
2022-03-05T22:00:00.000Z,49,97,3,4,214,985,23,16,21,1332,2,3,2,2,11,5,39,5,2,37
2022-03-05T23:00:00.000Z,13,39,0,6,70,300,10,14,20,333,2,4,1,0,3,3,24,17,1,21
2022-03-06T00:00:00.000Z,7,37,0,1,61,123,2,4,12,185,0,1,1,3,5,2,4,3,0,5
2022-03-06T01:00:00.000Z,4,15,1,0,34,40,2,1,3,72,2,0,1,1,3,1,3,6,3,3
2022-03-06T02:00:00.000Z,3,3,2,5,6,35,2,0,0,68,0,1,0,0,4,0,0,3,0,1
2022-03-06T03:00:00.000Z,3,5,0,1,9,14,4,3,8,81,0,0,0,0,1,1,2,1,4,2
2022-03-06T04:00:00.000Z,9,11,1,1,14,20,2,1,1,37,1,3,1,1,1,2,3,3,0,4
2022-03-06T05:00:00.000Z,5,8,0,0,14,19,3,1,4,60,1,0,0,0,1,2,3,0,3,5
2022-03-06T06:00:00.000Z,19,11,0,0,32,26,4,5,8,42,5,6,3,1,1,4,2,7,6,3
2022-03-06T07:00:00.000Z,53,47,15,3,130,48,97,7,12,92,26,18,23,21,3,17,12,17,0,5
2022-03-06T08:00:00.000Z,82,69,16,14,142,73,70,25,33,111,20,32,28,8,56,17,6,21,2,19
2022-03-06T09:00:00.000Z,153,44,20,28,175,76,64,27,99,199,36,30,38,36,91,38,20,125,4,22
2022-03-06T10:00:00.000Z,203,101,14,15,271,90,70,27,95,195,18,38,40,18,83,45,17,79,3,17
2022-03-06T11:00:00.000Z,348,80,8,11,205,71,57,17,65,109,16,157,12,17,80,25,39,82,1,23
2022-03-06T12:00:00.000Z,255,44,15,27,239,44,47,26,120,109,19,200,23,39,75,35,27,57,2,29
2022-03-06T13:00:00.000Z,821,50,5,56,126,58,48,174,227,105,118,459,110,58,150,176,30,42,1,22
2022-03-06T14:00:00.000Z,982,35,4,26,96,50,22,129,612,89,58,276,51,87,96,196,10,62,3,15
2022-03-06T15:00:00.000Z,456,41,35,187,120,62,41,169,759,144,88,58,161,145,266,223,10,252,2,20
2022-03-06T16:00:00.000Z,323,40,116,192,131,48,61,188,609,106,45,64,41,55,221,190,16,309,3,16
2022-03-06T17:00:00.000Z,245,48,168,66,184,78,66,62,277,68,51,56,51,33,92,85,31,582,8,12
2022-03-06T18:00:00.000Z,219,59,65,35,708,57,112,37,197,61,60,24,24,15,90,66,26,322,6,10
2022-03-06T19:00:00.000Z,247,50,29,29,832,66,275,39,159,73,13,28,27,45,76,124,37,177,5,3
2022-03-06T20:00:00.000Z,172,23,4,15,545,46,277,25,113,46,9,45,13,26,58,71,24,124,6,1
2022-03-06T21:00:00.000Z,81,40,16,13,2395,153,778,11,186,61,9,14,11,14,44,39,21,162,0,1
2022-03-06T22:00:00.000Z,81,50,4,10,603,81,479,24,59,63,6,11,19,2,45,48,11,76,2,15
2022-03-06T23:00:00.000Z,33,10,3,1,246,22,149,4,42,94,3,2,6,12,12,11,10,42,0,7
2022-03-07T00:00:00.000Z,16,3,2,7,99,15,62,2,19,19,3,2,5,2,18,4,12,16,0,1
2022-03-07T01:00:00.000Z,9,14,1,3,52,6,27,0,10,23,1,2,1,0,6,2,9,3,0,1
2022-03-07T02:00:00.000Z,3,2,1,0,35,2,21,1,12,68,0,1,2,0,2,2,5,4,0,1
2022-03-07T03:00:00.000Z,7,10,1,2,16,1,5,1,3,10,0,3,0,2,7,1,2,2,0,0
2022-03-07T04:00:00.000Z,16,2,1,1,29,1,10,1,10,17,1,2,1,0,7,1,1,1,0,1
2022-03-07T05:00:00.000Z,11,3,0,1,46,14,73,2,21,32,4,2,1,0,10,4,9,15,0,1
2022-03-07T06:00:00.000Z,24,20,0,8,85,20,50,3,40,24,3,11,3,3,21,11,18,17,4,3
2022-03-07T07:00:00.000Z,32,45,1,4,98,24,81,9,70,58,10,10,3,6,21,18,16,15,5,9
2022-03-07T08:00:00.000Z,44,58,1,5,78,24,102,8,72,205,10,18,2,9,26,42,12,59,1,6
2022-03-07T09:00:00.000Z,97,82,1,10,130,17,78,23,70,163,8,24,5,3,25,45,18,61,3,9
2022-03-03T09:04:26.000Z,26,39,4,8,50,127,90,10,29,198,2,9,15,3,219,12,7,14,18,13
2022-03-07T10:00:00.000Z,144,217,1,14,101,14,97,22,146,198,22,31,12,6,29,32,19,40,1,31
2022-03-07T11:00:00.000Z,94,141,4,10,174,16,75,10,119,203,14,17,15,10,34,35,16,48,1,42
2022-03-07T12:00:00.000Z,77,76,5,3,207,20,85,19,117,155,7,17,18,8,36,23,6,27,1,21
2022-03-07T13:00:00.000Z,37,134,3,11,211,13,53,8,44,160,9,13,10,6,23,31,12,68,2,13
2022-03-07T14:00:00.000Z,69,62,3,23,169,14,68,8,69,373,2,13,8,1,19,16,17,38,3,11
2022-03-07T15:00:00.000Z,56,65,0,15,116,15,46,5,52,741,8,16,4,11,17,21,14,131,5,17
2022-03-07T16:00:00.000Z,70,48,12,17,95,19,48,12,58,883,2,21,7,4,18,24,9,54,12,4
2022-03-07T17:00:00.000Z,79,64,11,6,207,20,45,12,52,621,4,27,2,11,18,80,15,48,7,28
2022-03-07T18:00:00.000Z,92,63,9,12,123,23,52,10,40,467,7,11,4,9,37,27,6,34,9,22
2022-03-07T19:00:00.000Z,71,175,5,14,115,45,30,16,37,253,3,16,7,6,38,22,9,27,10,5
2022-03-07T20:00:00.000Z,63,112,4,12,218,25,32,5,47,226,8,19,2,5,22,21,16,17,3,3
2022-03-07T21:00:00.000Z,72,60,2,12,107,13,33,0,34,157,3,8,4,1,28,16,6,19,1,4
2022-03-07T22:00:00.000Z,33,56,1,3,91,3,22,1,37,183,0,7,5,4,9,6,6,14,2,4
2022-03-07T23:00:00.000Z,13,17,2,5,47,3,16,0,26,162,0,1,3,0,8,14,1,4,1,0
2022-03-08T00:00:00.000Z,5,22,1,6,32,2,8,1,7,71,0,1,0,1,0,42,2,1,1,1
2022-03-08T01:00:00.000Z,5,16,0,2,24,2,13,0,5,50,1,1,1,2,2,5,2,0,0,0
2022-03-08T02:00:00.000Z,0,4,0,4,16,0,27,0,8,67,0,0,0,0,0,1,0,2,0,0
2022-03-08T03:00:00.000Z,8,2,0,0,17,0,7,1,9,83,0,1,0,0,0,1,0,1,0,1
2022-03-08T04:00:00.000Z,0,5,0,0,8,2,3,0,3,34,0,0,0,0,0,0,0,3,0,0
2022-03-08T05:00:00.000Z,4,4,0,2,19,5,7,0,11,36,0,2,1,1,0,2,1,1,0,2
2022-03-08T06:00:00.000Z,9,4,2,2,109,3,10,0,6,67,0,1,0,1,9,7,0,3,0,1
2022-03-08T07:00:00.000Z,19,11,2,8,63,6,11,9,24,75,2,7,5,0,19,16,9,11,2,3
2022-03-08T08:00:00.000Z,26,64,2,11,140,17,36,6,31,93,9,9,9,6,16,20,4,6,4,1
2022-03-08T09:00:00.000Z,36,185,0,26,100,35,16,5,22,661,15,10,8,3,9,23,13,13,1,3
2022-03-08T10:00:00.000Z,31,130,20,59,80,81,25,3,29,504,9,14,11,1,12,6,12,47,1,2
2022-03-08T11:00:00.000Z,83,110,17,60,70,63,62,6,26,380,6,27,12,1,7,12,130,73,1,7
2022-03-08T12:00:00.000Z,49,98,9,37,63,48,51,0,20,359,8,32,4,0,15,7,58,41,1,8
2022-03-08T13:00:00.000Z,30,116,8,12,45,17,17,12,14,590,2,11,4,2,32,28,38,34,6,5
2022-03-08T14:00:00.000Z,23,225,6,29,41,30,15,7,21,541,8,29,5,1,12,13,36,62,4,15
2022-03-08T15:00:00.000Z,27,190,12,7,53,11,26,11,22,320,5,15,4,14,12,16,23,26,14,43
2022-03-08T16:00:00.000Z,21,318,8,18,71,36,23,11,51,603,9,24,3,21,12,31,9,18,11,57
2022-03-08T17:00:00.000Z,30,278,2,55,614,30,26,10,22,417,4,53,7,8,7,31,24,17,10,41
2022-03-08T18:00:00.000Z,37,214,1,31,275,20,41,4,52,658,7,35,20,9,19,17,27,22,6,44
2022-03-08T19:00:00.000Z,56,233,4,37,282,25,40,8,96,336,2,38,17,8,9,34,35,29,7,29
2022-03-08T20:00:00.000Z,22,192,2,25,157,29,27,3,41,214,5,37,16,1,12,42,15,32,18,12
2022-03-08T21:00:00.000Z,22,77,2,15,94,34,27,2,21,206,0,7,9,1,9,7,11,12,30,14
2022-03-08T22:00:00.000Z,13,73,1,7,83,11,20,1,15,142,2,3,2,1,4,6,5,9,3,11
2022-03-08T23:00:00.000Z,6,64,1,2,53,2,11,1,5,213,5,6,1,1,6,1,5,6,7,9
2022-03-09T00:00:00.000Z,3,27,1,4,65,0,14,0,6,112,1,4,2,1,3,2,3,4,6,12
2022-03-09T01:00:00.000Z,0,9,0,0,24,0,5,0,4,48,0,0,0,0,6,1,0,1,0,1
2022-03-09T02:00:00.000Z,1,6,0,0,9,0,12,0,1,63,0,2,0,0,1,0,2,5,0,1
2022-03-09T03:00:00.000Z,1,8,0,0,16,0,8,0,3,97,0,1,0,0,1,0,1,2,0,0
2022-03-09T04:00:00.000Z,1,6,1,1,18,3,1,1,3,71,0,0,1,0,1,1,3,2,0,3
2022-03-09T05:00:00.000Z,3,23,0,1,36,2,3,0,6,63,0,3,1,1,2,4,8,1,0,2
2022-03-09T06:00:00.000Z,5,55,1,4,93,5,2,0,18,140,1,3,5,3,0,5,7,10,2,3
2022-03-09T07:00:00.000Z,11,198,1,10,205,8,8,1,16,188,6,13,8,1,5,16,11,14,1,16
2022-03-09T08:00:00.000Z,16,296,0,13,145,4,10,3,29,879,1,7,3,0,11,18,10,26,10,3
2022-03-09T09:00:00.000Z,27,236,1,18,152,17,16,4,15,725,11,17,22,1,6,100,22,34,1,17
2022-03-09T10:00:00.000Z,33,241,1,17,198,15,14,3,16,729,2,23,17,6,8,57,36,31,1,19
2022-03-09T11:00:00.000Z,47,244,0,7,266,34,21,4,27,770,8,9,16,1,11,61,33,23,1,22
2022-03-09T12:00:00.000Z,24,229,4,8,253,25,33,4,15,498,4,13,6,1,16,50,14,17,1,17
2022-03-09T13:00:00.000Z,64,195,1,42,238,21,16,3,40,441,2,29,3,0,9,23,13,16,3,13
2022-03-09T14:00:00.000Z,52,255,0,15,173,6,10,0,47,481,0,11,12,0,4,49,15,38,1,10
2022-03-09T15:00:00.000Z,54,360,1,10,135,14,73,0,88,546,6,16,13,2,11,33,10,9,3,9
2022-03-09T16:00:00.000Z,57,760,8,8,115,31,39,0,83,704,6,50,3,0,6,78,44,14,0,7
2022-03-09T17:00:00.000Z,37,1139,2,33,110,34,70,1,53,565,1,10,10,2,14,67,14,21,2,1
2022-03-09T18:00:00.000Z,25,670,0,23,233,11,33,4,27,1778,10,12,13,6,6,44,11,37,1,2
2022-03-09T19:00:00.000Z,26,3199,1,31,253,8,12,0,75,2596,5,28,18,8,11,23,23,12,0,4
2022-03-09T20:00:00.000Z,13,1391,0,3,193,4,32,0,22,4760,10,8,1,0,0,34,6,19,0,11
2022-03-09T21:00:00.000Z,14,1850,1,36,221,9,21,1,56,16160,11,15,2,4,6,23,9,64,4,5
2022-03-09T22:00:00.000Z,9,1360,3,18,713,6,33,1,121,18053,3,17,5,6,8,32,17,107,1,3
2022-03-09T23:00:00.000Z,4,275,1,7,569,10,10,0,25,4266,1,1,1,2,3,22,4,14,1,0
2022-03-10T00:00:00.000Z,0,124,0,1,400,2,6,0,5,1686,1,1,0,1,1,6,0,6,0,1
2022-03-10T01:00:00.000Z,1,67,0,0,138,2,4,2,2,891,0,0,1,0,8,6,0,6,0,2
2022-03-10T02:00:00.000Z,1,21,0,0,59,1,3,1,4,585,0,0,0,0,0,3,0,2,0,0
2022-03-10T03:00:00.000Z,0,41,0,1,62,4,7,0,5,575,0,2,1,0,0,1,0,2,0,0
2022-03-10T04:00:00.000Z,0,35,0,1,77,0,5,0,9,526,0,0,0,0,1,2,1,6,0,0
2022-03-10T05:00:00.000Z,3,58,0,5,151,0,11,0,18,675,0,2,3,0,1,4,0,6,0,1
2022-03-10T06:00:00.000Z,4,75,0,10,324,7,8,0,18,1224,11,2,2,3,2,15,86,20,0,2
2022-03-10T07:00:00.000Z,6,129,0,12,419,12,32,0,29,1381,2,7,3,2,3,93,63,16,0,4
2022-03-10T08:00:00.000Z,6,196,1,4,304,15,38,6,27,1813,7,3,6,4,11,152,37,12,1,4
2022-03-10T09:00:00.000Z,1,2,0,1,22,3,5,0,4,143,2,1,0,0,2,6,4,2,0,0
2022-03-10T10:00:00.000Z,22,119,2,5,252,21,37,4,24,1789,1,17,1,0,16,73,39,28,1,9
2022-03-10T11:00:00.000Z,18,687,1,9,259,15,39,9,40,1723,3,17,6,2,12,102,38,22,1,17
2022-03-10T12:00:00.000Z,11,386,1,3,202,18,26,2,37,1825,8,12,3,10,15,64,21,28,1,7
2022-03-10T13:00:00.000Z,55,289,0,7,151,16,30,4,26,1792,1,10,2,1,19,49,10,9,3,1
2022-03-10T14:00:00.000Z,56,185,0,12,149,17,25,5,31,1514,9,8,7,1,27,99,10,14,0,12
2022-03-10T15:00:00.000Z,27,117,0,2,116,9,24,3,17,1233,2,5,9,3,28,114,7,15,0,11
2022-03-10T16:00:00.000Z,37,168,2,2,136,35,27,1,18,1103,17,2,29,14,40,153,9,27,2,5
2022-03-10T17:00:00.000Z,20,131,1,10,117,28,18,1,40,970,12,9,19,4,16,158,16,16,1,6
2022-03-10T18:00:00.000Z,17,74,1,6,689,15,112,3,37,1087,6,3,17,1,12,224,5,18,3,6
2022-03-10T19:00:00.000Z,75,57,1,10,598,19,278,1,41,978,3,19,24,1,14,223,8,51,3,9
2022-03-10T20:00:00.000Z,16,68,0,2,982,10,390,0,48,779,5,2,5,1,14,261,6,11,0,1
2022-03-10T21:00:00.000Z,11,45,0,5,1269,11,435,3,33,714,2,2,5,3,7,392,6,8,2,0
2022-03-10T22:00:00.000Z,7,79,0,2,467,4,406,3,7,547,3,3,13,1,14,289,8,4,1,6
2022-03-10T23:00:00.000Z,2,35,1,2,205,3,66,2,9,394,0,0,4,0,1,79,2,1,2,0
2022-03-11T00:00:00.000Z,3,26,0,6,81,1,26,0,2,224,0,0,1,0,0,29,3,0,0,0
2022-03-11T01:00:00.000Z,2,10,0,1,327,8,16,0,2,130,1,0,0,0,0,17,0,2,0,0
2022-03-11T02:00:00.000Z,2,5,0,0,104,0,10,0,2,106,0,0,2,0,0,9,1,0,0,0
2022-03-11T03:00:00.000Z,2,18,0,0,75,0,3,0,1,108,0,0,0,1,1,11,0,1,0,1
2022-03-11T04:00:00.000Z,4,8,0,0,47,0,2,0,2,76,0,0,0,0,0,8,1,1,0,1
2022-03-11T05:00:00.000Z,8,21,0,0,94,1,23,1,5,129,2,2,1,0,1,19,1,2,2,0
2022-03-11T06:00:00.000Z,12,93,1,2,140,0,25,0,7,205,3,3,4,0,7,38,5,11,1,0
2022-03-11T07:00:00.000Z,8,151,1,4,302,0,24,1,13,243,1,16,5,0,2,47,4,6,2,2
2022-03-11T08:00:00.000Z,43,119,1,1,187,6,42,0,21,263,4,5,10,5,5,101,2,18,0,2
2022-03-11T09:00:00.000Z,77,96,5,19,297,10,31,2,25,298,9,13,7,3,4,91,2,43,4,4
2022-03-11T10:00:00.000Z,61,163,6,15,202,15,42,54,26,273,1,6,6,2,4,128,8,24,4,6
2022-03-11T11:00:00.000Z,37,194,9,15,252,6,47,65,32,328,12,24,7,7,6,82,22,58,6,16
2022-03-11T12:00:00.000Z,32,74,17,4,247,2,52,32,20,358,5,23,8,6,9,66,11,172,18,22
2022-03-11T13:00:00.000Z,43,90,7,38,171,39,41,27,25,476,2,19,11,16,7,53,8,87,7,13
2022-03-11T14:00:00.000Z,47,341,12,21,150,23,37,21,41,931,6,11,17,4,2,28,8,30,15,14
2022-03-11T15:00:00.000Z,41,263,5,15,389,14,28,16,14,838,3,7,10,5,6,142,8,67,9,11
2022-03-11T16:00:00.000Z,27,148,3,23,452,30,18,11,35,450,1,4,8,11,3,137,16,29,4,7
2022-03-11T17:00:00.000Z,34,100,8,7,269,17,23,10,43,424,8,8,7,13,14,104,12,48,10,8
2022-03-11T18:00:00.000Z,57,76,4,19,179,49,19,23,32,368,4,2,3,2,9,86,5,104,7,10
2022-03-11T19:00:00.000Z,227,127,10,12,234,91,43,13,37,424,11,10,20,23,12,57,9,256,3,44
2022-03-11T20:00:00.000Z,249,104,12,43,135,35,46,5,25,308,5,8,23,9,13,64,12,215,6,22
2022-03-11T21:00:00.000Z,253,66,10,30,132,24,45,4,29,328,8,6,136,5,10,50,11,324,4,4
2022-03-11T22:00:00.000Z,185,67,5,20,131,14,7,7,20,259,2,10,28,1,3,25,11,198,2,8
2022-03-11T23:00:00.000Z,41,63,0,7,67,15,7,1,8,168,1,2,26,2,5,27,3,64,0,1
2022-03-12T00:00:00.000Z,13,48,1,1,40,3,4,2,11,98,0,2,8,1,1,25,0,30,0,3
2022-03-12T01:00:00.000Z,4,12,0,0,29,2,4,0,7,97,0,0,5,3,0,8,0,9,0,1
2022-03-12T02:00:00.000Z,4,4,0,2,33,0,0,2,3,62,0,0,1,0,1,12,0,5,0,1
2022-03-12T03:00:00.000Z,4,8,0,0,15,3,1,0,3,55,0,0,1,0,0,9,0,4,0,3
2022-03-12T04:00:00.000Z,0,2,0,2,20,2,1,1,1,48,0,0,1,0,1,5,1,4,0,0
2022-03-12T05:00:00.000Z,5,2,0,3,12,0,7,0,5,50,1,1,7,0,0,7,0,3,1,2
2022-03-12T06:00:00.000Z,15,15,0,5,25,2,9,1,10,96,1,4,3,0,2,15,7,20,1,2
2022-03-12T07:00:00.000Z,10,25,0,11,118,10,9,10,10,110,4,12,6,0,1,30,4,25,0,2
2022-03-12T08:00:00.000Z,18,57,0,32,99,28,14,9,15,113,2,4,29,7,11,42,8,16,3,12
2022-03-12T09:00:00.000Z,31,39,1,32,143,38,111,18,21,204,6,9,20,6,17,33,5,16,1,11
2022-03-12T10:00:00.000Z,18,59,3,25,103,30,64,35,23,433,6,5,10,0,34,29,5,18,4,7
2022-03-12T11:00:00.000Z,37,75,4,20,75,38,72,56,22,491,5,18,15,2,39,28,14,23,6,3
2022-03-12T12:00:00.000Z,22,78,2,10,119,24,86,26,47,2301,8,5,9,7,28,31,1,23,1,16
2022-03-12T13:00:00.000Z,22,79,2,19,123,22,85,15,27,2069,12,7,5,2,14,37,10,26,5,3
2022-03-12T14:00:00.000Z,28,86,1,31,67,73,68,19,40,955,7,8,10,2,31,31,12,15,3,8
2022-03-12T15:00:00.000Z,46,86,14,92,76,139,43,8,17,835,19,14,10,1,8,40,14,14,9,0
2022-03-12T16:00:00.000Z,26,71,34,153,76,362,43,13,17,666,10,24,21,7,10,39,48,29,20,9
2022-03-12T17:00:00.000Z,8,63,18,158,91,254,35,31,27,449,14,14,21,14,14,40,23,11,12,20
2022-03-12T18:00:00.000Z,13,114,11,95,87,198,82,33,24,409,11,54,21,32,49,24,61,7,7,16
2022-03-12T19:00:00.000Z,8,81,13,42,83,90,31,113,119,393,7,42,11,8,128,19,22,40,14,14
2022-03-12T20:00:00.000Z,110,76,19,42,67,38,45,202,55,269,12,28,26,1,198,26,36,26,6,6
2022-03-12T21:00:00.000Z,37,51,13,21,48,28,24,169,43,216,2,26,15,5,211,21,43,19,12,13
2022-03-12T22:00:00.000Z,35,32,5,29,63,24,25,256,79,247,1,9,17,3,192,30,10,12,4,2
2022-03-12T23:00:00.000Z,20,20,2,8,94,14,14,54,29,455,0,19,3,1,31,30,5,6,2,1
2022-03-13T00:00:00.000Z,6,14,3,5,26,28,29,27,17,178,0,4,3,0,13,6,4,4,1,1
2022-03-13T01:00:00.000Z,4,20,0,3,32,8,8,6,8,98,1,3,1,1,3,3,0,1,0,1
2022-03-13T02:00:00.000Z,1,6,1,0,29,2,4,8,2,66,0,2,2,0,3,1,2,1,0,1
2022-03-13T03:00:00.000Z,4,4,2,1,5,0,8,3,11,69,0,3,3,0,3,2,2,0,0,1
2022-03-13T04:00:00.000Z,1,4,1,1,5,1,7,1,3,52,1,2,3,1,6,5,1,1,2,2
2022-03-13T05:00:00.000Z,0,2,1,1,9,4,2,2,4,48,0,1,1,0,2,0,3,1,0,0
2022-03-13T06:00:00.000Z,6,5,4,3,29,5,17,14,15,90,1,17,4,2,13,1,15,2,2,1
2022-03-13T07:00:00.000Z,7,40,10,6,34,10,27,15,203,304,15,17,17,14,8,29,29,4,5,0
2022-03-13T08:00:00.000Z,5,209,22,5,42,10,61,23,282,386,8,19,69,7,24,35,37,2,17,15
2022-03-13T09:00:00.000Z,9,190,20,4,293,32,61,42,212,614,14,32,58,16,39,27,48,10,21,11
2022-03-13T10:00:00.000Z,40,186,21,5,370,27,51,39,216,914,11,27,50,17,38,55,53,3,23,31
2022-03-13T11:00:00.000Z,40,167,11,7,371,16,55,19,573,2200,16,30,51,19,15,43,34,9,9,23
2022-03-13T12:00:00.000Z,19,160,18,3,321,10,46,15,619,1821,9,52,27,34,23,40,66,5,22,14
2022-03-13T13:00:00.000Z,29,196,96,7,142,32,259,23,1080,3463,72,163,121,68,21,49,196,20,70,23
2022-03-13T14:00:00.000Z,13,163,27,7,113,20,421,27,517,2175,94,161,159,101,12,58,99,13,56,9
2022-03-13T15:00:00.000Z,11,798,135,6,125,22,671,68,158,1185,78,146,111,141,8,206,172,8,205,8
2022-03-13T16:00:00.000Z,13,2628,52,20,233,15,307,27,127,1084,101,167,306,116,11,719,168,7,88,12
2022-03-13T17:00:00.000Z,40,3251,24,4,221,23,82,7,112,911,46,71,101,62,8,750,46,7,44,17
2022-03-13T18:00:00.000Z,4,1263,41,1,600,16,56,18,91,764,19,32,73,34,3,555,16,32,11,50
2022-03-13T19:00:00.000Z,11,479,18,1,1393,13,36,14,80,478,6,54,99,18,9,202,48,16,14,184
2022-03-13T20:00:00.000Z,17,287,34,5,520,6,45,5,127,452,4,48,39,16,5,196,18,22,25,80
2022-03-13T21:00:00.000Z,11,179,14,5,2535,74,32,11,60,343,4,15,56,28,4,114,8,16,9,486
2022-03-13T22:00:00.000Z,0,129,22,5,1104,56,16,8,55,362,10,5,42,16,4,118,6,13,7,95
2022-03-13T23:00:00.000Z,4,102,14,0,580,5,4,11,14,278,12,3,21,5,0,71,2,3,14,34
2022-03-14T00:00:00.000Z,1,49,3,0,160,2,1,5,10,217,2,1,4,1,1,25,4,2,4,8
2022-03-14T01:00:00.000Z,0,42,1,0,83,1,7,3,9,130,0,0,4,1,0,20,0,0,0,3
2022-03-14T02:00:00.000Z,0,16,0,1,48,0,3,0,7,172,1,0,0,1,0,2,1,0,1,2
2022-03-14T03:00:00.000Z,2,6,1,1,46,0,0,1,5,119,0,0,0,1,0,1,0,1,1,3
2022-03-14T04:00:00.000Z,0,15,0,0,37,2,0,4,8,104,1,2,2,1,2,3,0,1,1,4
2022-03-14T05:00:00.000Z,1,51,3,0,59,4,3,2,11,126,4,0,6,1,0,24,2,1,1,9
2022-03-14T06:00:00.000Z,2,86,3,1,150,8,12,3,32,186,7,8,18,10,1,60,5,2,3,13
2022-03-14T07:00:00.000Z,2,96,7,2,273,3,13,9,46,211,9,12,14,6,1,36,5,1,3,12
2022-03-14T08:00:00.000Z,3,130,10,2,217,19,31,8,75,196,11,7,13,10,9,50,3,20,2,6
2022-03-14T09:00:00.000Z,7,406,12,2,166,27,20,4,82,315,14,5,26,8,3,115,8,23,15,14
2022-03-14T10:00:00.000Z,12,196,8,6,129,26,42,11,73,228,13,14,24,3,9,171,3,20,12,12
2022-03-14T11:00:00.000Z,47,214,4,10,263,25,44,5,92,432,14,24,42,4,2,153,20,9,16,11
2022-03-14T12:00:00.000Z,23,154,8,9,175,30,19,9,70,554,19,34,70,14,4,83,17,14,13,9
2022-03-14T13:00:00.000Z,8,99,4,3,117,12,102,2,30,415,19,12,34,6,6,73,11,19,8,48
2022-03-14T14:00:00.000Z,7,150,8,1,96,26,47,2,25,244,6,16,84,2,0,74,11,24,9,47
2022-03-14T15:00:00.000Z,22,108,26,68,117,22,99,7,25,200,5,13,58,10,15,54,28,16,3,50
2022-03-14T16:00:00.000Z,10,103,9,45,234,16,98,7,22,214,2,16,36,12,13,49,12,52,10,24
2022-03-14T17:00:00.000Z,19,201,0,23,312,15,50,18,144,383,25,13,38,8,8,44,13,37,3,18
2022-03-14T18:00:00.000Z,18,149,4,40,218,5,26,10,50,320,17,8,24,10,17,31,8,90,17,15
2022-03-14T19:00:00.000Z,11,275,2,16,227,15,21,12,47,243,35,15,67,23,18,46,6,41,6,13
2022-03-14T20:00:00.000Z,10,260,2,11,194,18,28,17,23,227,43,14,28,11,10,57,4,30,5,14
2022-03-14T21:00:00.000Z,1,110,0,6,131,5,13,6,20,202,35,26,18,40,3,23,8,23,2,43
2022-03-14T22:00:00.000Z,2,36,2,5,67,3,7,0,35,267,3,3,19,7,3,22,3,7,1,12
2022-03-14T23:00:00.000Z,1,25,3,2,44,1,16,1,6,90,8,1,7,10,3,12,5,1,1,12
2022-03-15T00:00:00.000Z,2,13,1,0,22,2,7,1,11,44,0,1,2,3,0,8,1,1,4,3
2022-03-15T01:00:00.000Z,0,19,0,1,21,1,6,0,33,53,0,0,1,0,3,4,0,2,1,0
2022-03-15T02:00:00.000Z,0,8,0,0,14,1,4,1,13,63,1,0,5,0,0,4,0,1,1,0
2022-03-15T03:00:00.000Z,0,12,0,0,18,0,8,0,6,30,0,0,0,0,0,0,0,2,0,0
2022-03-15T04:00:00.000Z,0,14,0,0,32,0,0,1,12,28,4,1,2,0,0,4,0,1,1,0
2022-03-15T05:00:00.000Z,2,23,0,0,18,1,0,0,7,28,2,2,2,4,0,3,0,3,1,5
2022-03-15T06:00:00.000Z,5,44,3,0,46,2,6,4,12,78,6,2,4,6,2,10,1,6,3,10
2022-03-15T07:00:00.000Z,1,43,7,6,57,2,9,3,23,69,9,7,9,10,5,27,9,12,4,7
2022-03-15T08:00:00.000Z,23,86,0,7,131,2,16,6,22,91,10,8,11,8,14,33,6,32,3,11
2022-03-15T09:00:00.000Z,40,46,1,3,84,7,29,6,29,134,8,2,12,6,5,30,8,44,4,2
2022-03-15T10:00:00.000Z,29,68,2,1,61,16,37,1,23,126,14,13,12,18,1,17,7,87,8,27
2022-03-15T11:00:00.000Z,23,80,5,9,130,11,76,13,51,81,10,12,9,6,9,14,8,121,5,9
2022-03-15T12:00:00.000Z,50,54,7,8,443,14,39,5,50,106,10,7,10,7,7,26,5,134,3,8
2022-03-15T13:00:00.000Z,18,41,1,4,198,11,64,0,15,359,14,17,3,3,10,21,2,46,7,4
2022-03-15T14:00:00.000Z,11,73,0,2,175,18,66,8,30,227,4,34,21,6,20,24,6,51,5,9
2022-03-15T15:00:00.000Z,12,106,9,0,163,17,32,8,45,166,40,29,15,5,49,28,4,63,4,6
2022-03-15T16:00:00.000Z,42,83,17,2,173,32,46,3,62,313,22,20,16,12,20,35,8,288,4,6
2022-03-15T17:00:00.000Z,40,92,2,3,140,7,42,5,49,277,18,32,12,5,26,44,1,233,2,13
2022-03-15T18:00:00.000Z,40,53,2,4,114,3,46,3,43,158,8,10,15,5,21,36,7,120,2,10
2022-03-15T19:00:00.000Z,18,96,3,2,100,22,32,3,62,126,10,24,25,41,25,34,6,121,2,10
2022-03-15T20:00:00.000Z,20,54,8,22,132,8,32,9,24,146,13,18,26,26,15,39,6,116,2,6
2022-03-15T21:00:00.000Z,15,66,2,7,76,1,30,4,41,342,20,11,15,8,18,17,4,39,3,8
2022-03-15T22:00:00.000Z,12,36,0,3,72,3,33,2,18,589,13,6,6,11,11,14,0,59,4,1
2022-03-15T23:00:00.000Z,6,10,1,2,18,6,12,0,6,217,0,2,3,0,9,69,1,34,0,7
2022-03-16T00:00:00.000Z,3,6,0,0,14,0,2,1,1,122,2,0,0,2,4,6,1,11,1,3
2022-03-16T01:00:00.000Z,4,11,0,0,11,1,0,0,6,76,0,1,0,0,2,0,0,3,0,0
2022-03-16T02:00:00.000Z,4,3,0,0,22,1,3,0,2,57,0,1,0,0,4,2,0,5,1,0
2022-03-16T03:00:00.000Z,0,0,0,0,7,0,4,1,5,53,0,1,0,1,1,1,1,5,0,0
2022-03-16T04:00:00.000Z,0,1,0,1,2,2,8,0,2,32,0,1,0,0,0,3,0,6,0,0
2022-03-16T05:00:00.000Z,13,3,0,0,19,2,10,0,4,68,3,2,2,0,0,1,0,9,0,1
2022-03-16T06:00:00.000Z,10,15,0,0,38,1,9,0,46,166,11,1,6,5,3,9,0,201,3,4
2022-03-16T07:00:00.000Z,20,15,0,1,72,3,8,0,34,173,6,5,6,7,2,15,0,154,1,5
2022-03-16T08:00:00.000Z,21,88,3,7,59,6,18,3,31,187,6,7,8,8,7,20,2,120,7,5
2022-03-16T09:00:00.000Z,101,493,1,8,278,11,36,4,30,361,3,47,3,12,18,22,10,138,14,7
2022-03-16T10:00:00.000Z,89,369,1,1,237,13,38,7,26,283,7,18,15,5,4,41,11,139,18,2
2022-03-16T11:00:00.000Z,90,208,0,3,370,8,33,4,33,352,10,27,10,11,8,10,5,165,11,4
2022-03-16T12:00:00.000Z,40,210,0,1,232,7,36,1,206,530,19,22,6,6,12,49,6,156,14,1
2022-03-16T13:00:00.000Z,15,195,1,9,103,10,31,2,103,587,13,10,7,5,5,23,5,164,8,2
2022-03-16T14:00:00.000Z,24,219,1,6,99,7,25,1,53,488,4,11,12,1,22,39,14,130,9,1
2022-03-16T15:00:00.000Z,18,143,0,22,315,15,23,4,91,504,4,2,2,15,8,55,10,126,3,1
2022-03-16T16:00:00.000Z,13,222,2,15,302,20,38,5,38,313,103,7,8,3,10,59,12,111,22,4
2022-03-16T17:00:00.000Z,17,239,2,7,182,10,63,5,79,252,60,3,11,2,10,113,12,669,16,5
2022-03-16T18:00:00.000Z,17,221,0,6,152,8,64,4,66,283,26,3,6,2,7,106,5,704,9,3
